Datetime,PJME_MW,log_electric_consumption,day_ofyr,roll_mean
2002-01-15,749371.0,13.526989466968185,15,13.524695826137455
2002-01-16,768234.0,13.551849653222,16,13.5237758034955
2002-01-17,765151.0,13.54782847895161,17,13.517293763715108
2002-01-18,769035.0,13.552891761106162,18,13.5127346161585
2002-01-19,766232.0,13.549240274928907,19,13.508161038568076
2002-01-20,707590.0,13.469620108889782,20,13.506033911956465
2002-01-21,778438.0,13.565044626750755,21,13.503942385991067
2002-01-22,756951.0,13.537053801130373,22,13.503107537783894
2002-01-23,755864.0,13.535616744798878,23,13.503716855373233
2002-01-24,734778.0,13.507323691755133,24,13.502854137348018
2002-01-25,724412.0,13.493115570287653,25,13.50369918865069
2002-01-26,673840.0,13.420747972989245,26,13.50356289804608
2002-01-27,639494.0,13.368432517627074,27,13.50261776563532
2002-01-28,707708.0,13.469786858224937,28,13.5009694541811
2002-01-29,696677.0,13.454077167698768,29,13.500127337004205
2002-01-30,685796.0,13.43833548638969,30,13.502004280712438
2002-01-31,729020.0,13.499456445456717,31,13.501954503010628
2002-02-01,711909.0,13.475705373237084,32,13.503375790507302
2002-02-02,687530.0,13.440860743934461,33,13.502951508619402
2002-02-03,686370.0,13.439172119907035,34,13.496769803044545
2002-02-04,781528.0,13.56900625673671,35,13.49347310363471
2002-02-05,838901.0,13.639847980870867,36,13.49177534574863
2002-02-06,791281.0,13.581408430188073,37,13.491338088670727
2002-02-07,773402.0,13.558554244135957,38,13.489211989479056
2002-02-08,739912.0,13.514286539190019,39,13.486722233286299
2002-02-09,665362.0,13.408086532429598,40,13.485360491069502
2002-02-10,642901.0,13.373746025580427,41,13.484758116735536
2002-02-11,740796.0,13.515480562731494,42,13.485274916146052
2002-02-12,789807.0,13.579543890798702,43,13.4857945874608
2002-02-13,767164.0,13.550455877571364,44,13.486151084712402
2002-02-14,796215.0,13.58762452885846,45,13.489530648765015
2002-02-15,759953.0,13.541011868244949,46,13.492228299232867
2002-02-16,644450.0,13.376152518832926,47,13.49441629475402
2002-02-17,645198.0,13.377312525414375,48,13.494222845133795
2002-02-18,742299.0,13.517507405940512,49,13.490328545632215
2002-02-19,747740.0,13.524810602949074,50,13.489985262669393
2002-02-20,712180.0,13.47608596743207,51,13.489055831286317
2002-02-21,685299.0,13.437610518357909,52,13.48704512986862
2002-02-22,697311.0,13.454986788217331,53,13.483612294124748
2002-02-23,662570.0,13.403881491638208,54,13.48063243614365
2002-02-24,648815.0,13.382902901121511,55,13.47725343590143
2002-02-25,718081.0,13.484337655037885,56,13.475854427097028
2002-02-26,703666.0,13.464059090743614,57,13.476224973946882
2002-02-27,753861.0,13.532963279862892,58,13.47389734675507
2002-02-28,786219.0,13.574990658556539,59,13.47200085675747
2002-03-01,756887.0,13.536969247829376,60,13.46691804957585
2002-03-02,683816.0,13.43544415456817,61,13.462204248203264
2002-03-03,615464.0,13.330131733862789,62,13.459455821362628
2002-03-04,774052.0,13.55939433377769,63,13.459596585568663
2002-03-05,817351.0,13.613823902144684,64,13.459658693623462
2002-03-06,747963.0,13.525108790492528,65,13.458280063190259
2002-03-07,702524.0,13.46243484330754,66,13.459773687004494
2002-03-08,680682.0,13.430850515719289,67,13.461100640083492
2002-03-09,605297.0,13.31347452564744,68,13.465379496404056
2002-03-10,618204.0,13.33457377905715,69,13.467150097600703
2002-03-11,748522.0,13.52585587452745,70,13.466022719162153
2002-03-12,739974.0,13.514370329427964,71,13.465448908654086
2002-03-13,727489.0,13.497354157638558,72,13.467257754382333
2002-03-14,690593.0,13.445305927773134,73,13.465325826782264
2002-03-15,665987.0,13.409025429812498,74,13.461578084757623
2002-03-16,596716.0,13.29919656729514,75,13.455405844728627
2002-03-17,647746.0,13.381253923183367,76,13.449428420398723
2002-03-18,743591.0,13.519246431474846,77,13.445541303319159
2002-03-19,719426.0,13.486208950819384,78,13.439875195644097
2002-03-20,742596.0,13.517907434230674,79,13.433702251233681
2002-03-21,711240.0,13.474765204569884,80,13.430376104873073
2002-03-22,786065.0,13.574794765193136,81,13.430453141614972
2002-03-23,696246.0,13.453458325144291,82,13.432390343190319
2002-03-24,628654.0,13.351336304842093,83,13.435822068467749
2002-03-25,706636.0,13.468270960812028,84,13.435286404527378
2002-03-26,740223.0,13.514706771134506,85,13.432553822003541
2002-03-27,714165.0,13.478869307060952,86,13.429605374200017
2002-03-28,707897.0,13.470053881866594,87,13.42643597290621
2002-03-29,636759.0,13.364146527017434,88,13.425474266071252
2002-03-30,578432.0,13.268076273330896,89,13.42585511851026
2002-03-31,551994.0,13.221292455634941,90,13.42607154244707
2002-04-01,660494.0,13.400743318876005,91,13.422157310047092
2002-04-02,687613.0,13.440981458653004,92,13.420372169396682
2002-04-03,681449.0,13.431976692395487,93,13.423979034965573
2002-04-04,704041.0,13.464591872080739,94,13.429598340539377
2002-04-05,718623.0,13.485092159829007,95,13.436927461737076
2002-04-06,666345.0,13.409562833415528,96,13.4380292016556
2002-04-07,609001.0,13.31957518872681,97,13.435764905239234
2002-04-08,693387.0,13.449343563860022,98,13.432865224634998
2002-04-09,681338.0,13.431813790929235,99,13.431352049841317
2002-04-10,665711.0,13.408610921412018,100,13.42860549074591
2002-04-11,672245.0,13.418378136394265,101,13.427159208273014
2002-04-12,673127.0,13.419689298104718,102,13.426354905801501
2002-04-13,600343.0,13.30525643752581,103,13.428273840742701
2002-04-14,580506.0,13.27165541598398,104,13.42917771166828
2002-04-15,707337.0,13.469262493263399,105,13.431151728005647
2002-04-16,795878.0,13.587201186748377,106,13.431391434395405
2002-04-17,869130.0,13.675247990297184,107,13.430924208027283
2002-04-18,873253.0,13.679980598105491,108,13.430281369382655
2002-04-19,810692.0,13.605643482911814,109,13.429666513811174
2002-04-20,653474.0,13.390058025486002,110,13.426658272579088
2002-04-21,579630.0,13.270145247923539,111,13.422443916230858
2002-04-22,677322.0,13.425902066588948,112,13.419858289346895
2002-04-23,685431.0,13.437803116463163,113,13.418611636765652
2002-04-24,685822.0,13.438373397819845,114,13.420143958720075
2002-04-25,692133.0,13.447533412664212,115,13.422560400693174
2002-04-26,671908.0,13.41787670537107,116,13.423112195126185
2002-04-27,593258.0,13.29338465924712,117,13.423703843308912
2002-04-28,583363.0,13.276564913081264,118,13.423080696323769
2002-04-29,664942.0,13.407455097789164,119,13.423323743347822
2002-04-30,678676.0,13.427899120345673,120,13.423733542801939
2002-05-01,669293.0,13.413977210345859,121,13.417632407967812
2002-05-02,692024.0,13.447375916079322,122,13.40845136490135
2002-05-03,660572.0,13.400861405330566,123,13.400087240368036
2002-05-04,592177.0,13.291560855665077,124,13.395499129871984
2002-05-05,566469.0,13.247177635975843,125,13.392573804948894
2002-05-06,669601.0,13.4144372915852,126,13.392192719447129
2002-05-07,711207.0,13.47471880565308,127,13.391587086492573
2002-05-08,712312.0,13.476271296658737,128,13.391237581974966
2002-05-09,682712.0,13.433828380518628,129,13.390915349722617
2002-05-10,684371.0,13.436255447221063,130,13.390465097034774
2002-05-11,589959.0,13.28780832194183,131,13.392341682539561
2002-05-12,584470.0,13.27846073265745,132,13.393702788540551
2002-05-13,715500.0,13.480736877978643,133,13.393768418737796
2002-05-14,670896.0,13.416369411392797,134,13.391621409878402
2002-05-15,672111.0,13.418178784436236,135,13.395200028742028
2002-05-16,690924.0,13.445785111172736,136,13.400825598222488
2002-05-17,712957.0,13.477176389022398,137,13.406344719594406
2002-05-18,602082.0,13.308148927639445,138,13.41532738886752
2002-05-19,573478.0,13.259474853874176,139,13.424772844777754
2002-05-20,665933.0,13.408944343861346,140,13.43207331715884
2002-05-21,678756.0,13.428016989970217,141,13.434844681424142
2002-05-22,679662.0,13.429350894754071,142,13.43691527015261
2002-05-23,683462.0,13.434926337404566,143,13.44414878013144
2002-05-24,708157.0,13.470421099505076,144,13.452643997205389
2002-05-25,616304.0,13.331495627274883,145,13.453988098838733
2002-05-26,584436.0,13.278402558604089,146,13.456368017891089
2002-05-27,626146.0,13.347338849726146,147,13.459875570541774
2002-05-28,750204.0,13.5281004485272,148,13.4656955253609
2002-05-29,783474.0,13.571493155798752,149,13.476838198624824
2002-05-30,807672.0,13.601911314492986,150,13.489167079383847
2002-05-31,849477.0,13.652376144977744,151,13.493934002930857
2002-06-01,771455.0,13.556033621151613,152,13.493778777969103
2002-06-02,694947.0,13.451590862646258,153,13.49525118174253
2002-06-03,723630.0,13.492035491013679,154,13.497798831319718
2002-06-04,753659.0,13.532695290050208,155,13.501751109184159
2002-06-05,872231.0,13.678809576066001,156,13.505699451758236
2002-06-06,866047.0,13.671694458589194,157,13.510268943687075
2002-06-07,710618.0,13.473890292954692,158,13.516097969716087
2002-06-08,630612.0,13.354446055407758,159,13.521154595821828
2002-06-09,644785.0,13.376672206876671,160,13.529313300855955
2002-06-10,842135.0,13.643695612914144,161,13.540464298755607
2002-06-11,916543.0,13.728364262782685,162,13.556458563065826
2002-06-12,949212.0,13.763387445688865,163,13.567061212475565
2002-06-13,789582.0,13.579258970488985,164,13.577256372521267
2002-06-14,709865.0,13.472830090093366,165,13.58584945284119
2002-06-15,627423.0,13.349376233295343,166,13.588356310974865
2002-06-16,615881.0,13.330809042035463,167,13.590383657990953
2002-06-17,743860.0,13.519608124065638,168,13.595785659333245
2002-06-18,758100.0,13.538570582044395,169,13.605323185638483
2002-06-19,772430.0,13.557296668761529,170,13.616741235021207
2002-06-20,804631.0,13.59813906621697,171,13.625035950799049
2002-06-21,815867.0,13.612006630465821,172,13.630945522088698
2002-06-22,774474.0,13.559939368230383,173,13.640962388383343
2002-06-23,798612.0,13.590630499794383,174,13.646426240799396
2002-06-24,979873.0,13.795178250412272,175,13.649810104066564
2002-06-25,1009509.0,13.824974631999895,176,13.65202770080518
2002-06-26,1042318.0,13.856957637078441,177,13.654717904608251
2002-06-27,1027375.0,13.842517563450802,178,13.653728400387322
2002-06-28,911246.0,13.72256817272061,179,13.653219598249839
2002-06-29,816514.0,13.612799337602059,180,13.656202771012849
2002-06-30,808428.0,13.602846900230434,181,13.660733383795229
2002-07-01,945138.0,13.759086227560314,182,13.665424034697562
2002-07-02,1037579.0,13.852400672766452,183,13.672813033595947
2002-07-03,1100265.0,13.911061617845572,184,13.68098118737322
2002-07-04,1021888.0,13.837162454699373,185,13.689438302490014
2002-07-05,940684.0,13.754362549204785,186,13.699231622721388
2002-07-06,734859.0,13.50743392305726,187,13.707413087966525
2002-07-07,708865.0,13.471420378357365,188,13.712046874669866
2002-07-08,896083.0,13.705788321595382,189,13.714363567424174
2002-07-09,988249.0,13.803689969268715,190,13.715366892939644
2002-07-10,923274.0,13.735681327502856,191,13.717256387489229
2002-07-11,778413.0,13.565012510639448,192,13.7115450848013
2002-07-12,771706.0,13.556358927457584,193,13.703640315713288
2002-07-13,712285.0,13.476233391201962,194,13.69702324698008
2002-07-14,702322.0,13.462147267300786,195,13.692967104371686
2002-07-15,914836.0,13.726500093220473,196,13.695138599243988
2002-07-16,952913.0,13.767278887808024,197,13.700589947048929
2002-07-17,978813.0,13.794095892031724,198,13.702626050290506
2002-07-18,1058488.0,13.87235203269544,199,13.70089991984357
2002-07-19,1025907.0,13.841087657329648,200,13.702502106846179
2002-07-20,881769.0,13.689685395923982,201,13.707343252557918
2002-07-21,852133.0,13.655497896914987,202,13.716148119752072
2002-07-22,1007791.0,13.823271364845438,203,13.726668403592825
2002-07-23,1064356.0,13.877880479388322,204,13.732084333010414
2002-07-24,888279.0,13.69704116181641,205,13.72779090723105
2002-07-25,823389.0,13.621184028986539,206,13.721181950235232
2002-07-26,757130.0,13.53729024819078,207,13.721214556663082
2002-07-27,728853.0,13.499227344566954,208,13.72264148643679
2002-07-28,859107.0,13.663648756654878,209,13.72593578762351
2002-07-29,1100994.0,13.911723966098688,210,13.731635532078458
2002-07-30,1098451.0,13.90941156353062,211,13.7351583167648
2002-07-31,1048352.0,13.862729965331377,212,13.739499354056061
2002-08-01,1068775.0,13.882023690772389,213,13.7434704422123
2002-08-02,1077242.0,13.889914629133498,214,13.744421901110014
2002-08-03,940315.0,13.753970204493562,215,13.746013222086956
2002-08-04,951684.0,13.765988325898517,216,13.750259479417727
2002-08-05,1042815.0,13.857434345287857,217,13.755453040126527
2002-08-06,876309.0,13.683474047446525,218,13.757504892339663
2002-08-07,767298.0,13.550630531619937,219,13.755532340162244
2002-08-08,779124.0,13.565925490619232,220,13.75708499235335
2002-08-09,803163.0,13.596312961121491,221,13.7617400443055
2002-08-10,781112.0,13.568473824430066,222,13.769610771792271
2002-08-11,823847.0,13.621740112039365,223,13.773389446572592
2002-08-12,1009674.0,13.82513806443803,224,13.769921600750065
2002-08-13,1076072.0,13.888827931963332,225,13.760641684530356
2002-08-14,1093929.0,13.90528636040645,226,13.752042256226696
2002-08-15,1087066.0,13.898992881831406,227,13.742097412795312
2002-08-16,1072652.0,13.885644644684003,228,13.72815988424681
2002-08-17,993094.0,13.808580601185554,229,13.71315325188664
2002-08-18,985513.0,13.800917596761373,230,13.6995075934127
2002-08-19,1067386.0,13.880723226813204,231,13.682735706999438
2002-08-20,1007164.0,13.822649018420591,232,13.663781461454123
2002-08-21,927748.0,13.740515423167354,233,13.660110389246217
2002-08-22,938019.0,13.751525483646754,234,13.666383402077388
2002-08-23,943801.0,13.757670617820377,235,13.668713368603772
2002-08-24,810195.0,13.60503023841596,236,13.667163075861252
2002-08-25,779610.0,13.566549073624092,237,13.66293391056782
2002-08-26,849061.0,13.651886311946845,238,13.656323023922466
2002-08-27,863395.0,13.668627571028141,239,13.649245165511093
2002-08-28,793552.0,13.58427434925261,240,13.642588667861446
2002-08-29,723440.0,13.491772891414362,241,13.63249962467151
2002-08-30,707667.0,13.469728923048732,242,13.618144778957733
2002-08-31,641710.0,13.37189176722323,243,13.604747357117612
2002-09-01,595035.0,13.296375506327143,244,13.59307168126576
2002-09-02,613365.0,13.326715470019037,245,13.582774229647603
2002-09-03,790708.0,13.580684025625137,246,13.574596140252696
2002-09-04,914630.0,13.726274890892723,247,13.566295809081742
2002-09-05,831648.0,13.631164553357976,248,13.55971712527146
2002-09-06,769045.0,13.552904764330963,249,13.553248266327685
2002-09-07,693882.0,13.45005719621396,250,13.547778658174176
2002-09-08,684631.0,13.436635285969475,251,13.54636871839017
2002-09-09,828157.0,13.626958028919594,252,13.545683551852886
2002-09-10,893093.0,13.702445997773161,253,13.542477810674752
2002-09-11,824715.0,13.622793151088196,254,13.53607319411012
2002-09-12,727273.0,13.497057201845669,255,13.532211730345821
2002-09-13,737128.0,13.510516833160557,256,13.531364591476564
2002-09-14,716162.0,13.481661677333772,257,13.53236534285241
2002-09-15,738657.0,13.512588951452972,258,13.533787674449812
2002-09-16,848934.0,13.651736723755787,259,13.534035894848627
2002-09-17,798300.0,13.590239745633891,260,13.538668705255676
2002-09-18,771670.0,13.55631227647946,261,13.536281048045485
2002-09-19,782616.0,13.570397433221068,262,13.532029831967511
2002-09-20,809783.0,13.604521589522108,263,13.532351106686267
2002-09-21,778833.0,13.565551924463833,264,13.532990034369607
2002-09-22,764796.0,13.547364410580128,265,13.535506341586865
2002-09-23,776169.0,13.562125558959126,266,13.53071105460378
2002-09-24,721652.0,13.48929830721846,267,13.525369073260654
2002-09-25,712228.0,13.476153363852221,268,13.515222464300193
2002-09-26,706482.0,13.46805300307515,269,13.508259700321373
2002-09-27,727777.0,13.497749961572355,270,13.50651699066303
2002-09-28,667782.0,13.411717051950523,271,13.504310797702102
2002-09-29,599185.0,13.30332567749397,272,13.499117978243524
2002-09-30,698321.0,13.456434161416455,273,13.490925057512014
2002-10-01,739574.0,13.513829623739815,274,13.481629798803167
2002-10-02,811988.0,13.60724084070949,275,13.476346846241999
2002-10-03,839163.0,13.640160245483097,276,13.472624778203215
2002-10-04,782927.0,13.570794739464448,277,13.468041920049775
2002-10-05,744534.0,13.520513798297152,278,13.461963934082025
2002-10-06,598611.0,13.302367250443055,279,13.453981828589281
2002-10-07,713104.0,13.47738255131212,280,13.444612185289193
2002-10-08,672220.0,13.418340946880218,281,13.439991253942335
2002-10-09,678633.0,13.427835759681278,282,13.438718076232325
2002-10-10,692637.0,13.448261331412096,283,13.43784341352299
2002-10-11,692971.0,13.44874343025458,284,13.43826240065516
2002-10-12,619249.0,13.336262732493621,285,13.4374490477993
2002-10-13,587239.0,13.283187170970672,286,13.434956686747295
2002-10-14,654397.0,13.391469479908087,287,13.433585229537668
2002-10-15,688532.0,13.442317073921185,288,13.43341271710102
2002-10-16,695297.0,13.452094371393493,289,13.433200868039725
2002-10-17,688367.0,13.442077404924708,290,13.430918070072877
2002-10-18,683060.0,13.434337982425141,291,13.426489032403433
2002-10-19,622845.0,13.342052970667021,292,13.424370875416255
2002-10-20,588313.0,13.285014398177667,293,13.42109040432291
2002-10-21,681969.0,13.432739481247056,294,13.424369857682192
2002-10-22,696379.0,13.453649331338212,295,13.42527026988006
2002-10-23,694997.0,13.45166280799085,296,13.42846795345581
2002-10-24,714819.0,13.479784642775925,297,13.430946531174508
2002-10-25,711390.0,13.474976081608265,298,13.432938032873079
2002-10-26,622769.0,13.341930942494418,299,13.434286014349336
2002-10-27,576612.0,13.264924875624406,300,13.434911227690794
2002-10-28,694956.0,13.451603813190289,301,13.43561770236692
2002-10-29,735200.0,13.507897850023614,302,13.437412155248657
2002-10-30,761711.0,13.543322497637725,303,13.438132629604485
2002-10-31,741290.0,13.516147190738634,304,13.439378548545973
2002-11-01,737843.0,13.511486343823487,305,13.441078665866897
2002-11-02,679193.0,13.428660607683527,306,13.441752813950194
2002-11-03,656181.0,13.39419194450293,307,13.443855331812973
2002-11-04,731311.0,13.502594092852467,308,13.44811723719025
2002-11-05,735184.0,13.507876087001165,309,13.451349086710541
2002-11-06,727403.0,13.497235935804772,310,13.454983995990753
2002-11-07,732357.0,13.504023378972091,311,13.457168728356056
2002-11-08,719626.0,13.486486911589791,312,13.458426270807646
2002-11-09,630185.0,13.35376870605441,313,13.458855035417342
2002-11-10,598971.0,13.302968461902218,314,13.462725642038121
2002-11-11,688117.0,13.441714160596769,315,13.467124822998349
2002-11-12,702563.0,13.462490355884356,316,13.46883315972047
2002-11-13,719981.0,13.486980101755156,317,13.46874984911832
2002-11-14,721928.0,13.489680689910605,318,13.46886612674496
2002-11-15,696076.0,13.453214128757471,319,13.466577652829699
2002-11-16,660613.0,13.40092347082482,320,13.465813618703331
2002-11-17,662879.0,13.40434774874142,321,13.465511408800726
2002-11-18,746560.0,13.523231267815202,322,13.468492116515325
2002-11-19,770987.0,13.555426791184118,323,13.471333127955964
2002-11-20,738839.0,13.512835314219329,324,13.476241667026216
2002-11-21,740437.0,13.514995831420446,325,13.482912870501819
2002-11-22,719982.0,13.486981490679733,326,13.488909081445962
2002-11-23,694056.0,13.450307927876198,327,13.49400349089214
2002-11-24,652197.0,13.388101942510769,328,13.502124001480174
2002-11-25,729006.0,13.4994372414096,329,13.509921288761864
2002-11-26,733487.0,13.505565153163397,330,13.517678344353707
2002-11-27,764195.0,13.546578271183687,331,13.52579014418119
2002-11-28,695280.0,13.452069921111342,332,13.532325959329198
2002-11-29,722226.0,13.490093388285196,333,13.536327252895171
2002-11-30,673470.0,13.420198730410624,334,13.541798197364328
2002-12-01,713296.0,13.477651760511726,335,13.545324432895175
2002-12-02,791862.0,13.582142413190345,336,13.547068942433299
2002-12-03,843500.0,13.64531518096816,337,13.549139521082832
2002-12-04,876796.0,13.684029633121686,338,13.552613599897766
2002-12-05,866240.0,13.671917285408073,339,13.558017125340873
2002-12-06,829958.0,13.629130376082797,340,13.561165617839563
2002-12-07,791071.0,13.581143002519346,341,13.562456712515262
2002-12-08,745114.0,13.521292505789539,342,13.563505205251275
2002-12-09,855047.0,13.658911717168294,343,13.565273108098959
2002-12-10,881712.0,13.689620751053955,344,13.565945885045307
2002-12-11,864566.0,13.669982925899298,345,13.56592908266543
2002-12-12,807515.0,13.601716909757814,346,13.563242252228962
2002-12-13,811306.0,13.606400573893835,347,13.566913598302813
2002-12-14,729167.0,13.49965806568855,348,13.570138317092074
2002-12-15,696062.0,13.453194015808899,349,13.573709915612147
2002-12-16,791122.0,13.581207470002159,350,13.572947029541819
2002-12-17,849753.0,13.652700998002263,351,13.571959114879421
2002-12-18,859524.0,13.664134026626364,352,13.565778702159895
2002-12-19,808676.0,13.603153621383735,353,13.555769045010232
2002-12-20,746486.0,13.523132141599318,354,13.551602323427389
2002-12-21,714734.0,13.479665724484542,355,13.55068191264313
2002-12-22,685294.0,13.437603222245933,356,13.548738229382678
2002-12-23,742869.0,13.51827499590742,357,13.548622816245677
2002-12-24,733142.0,13.505094686526828,358,13.546968508980331
2002-12-25,708813.0,13.471347018962605,359,13.545620471869317
2002-12-26,770556.0,13.55486761117911,360,13.54320605368637
2002-12-27,790472.0,13.580385514384478,361,13.541203479328033
2002-12-28,744303.0,13.520203488972689,362,13.539195490588119
2002-12-29,698221.0,13.456290950542494,363,13.54129047392841
2002-12-30,770258.0,13.554480802643212,364,13.544953501149001
2002-12-31,709463.0,13.472263624821421,365,13.547186450384826
2003-01-01,662489.0,13.403759232931085,1,13.547695682751156
2003-01-02,770850.0,13.555249081088485,2,13.548302016097875
2003-01-03,808842.0,13.60335887412353,3,13.55206736033375
2003-01-04,749169.0,13.5267198712267,4,13.557816672681454
2003-01-05,742710.0,13.518060937953441,5,13.564746606683231
2003-01-06,816344.0,13.612591113738606,6,13.571429710372472
2003-01-07,849052.0,13.65187571194555,7,13.576326462605778
2003-01-08,808050.0,13.60237921677679,8,13.583736865298842
2003-01-09,763482.0,13.545644827724407,9,13.593872533010979
2003-01-10,766950.0,13.550176889176255,10,13.602369519680323
2003-01-11,773219.0,13.558317599216673,11,13.60892933735125
2003-01-12,771243.0,13.555758777985506,12,13.612972661861988
2003-01-13,842164.0,13.643730048605196,13,13.617289530173249
2003-01-14,861956.0,13.66695950425951,14,13.624121947654146
2003-01-15,874241.0,13.681111360334457,15,13.634458825110949
2003-01-16,898591.0,13.70858325998825,16,13.644363849712535
2003-01-17,876869.0,13.684112887335054,17,13.648423173116495
2003-01-18,867789.0,13.673703876534315,18,13.64960537204639
2003-01-19,826314.0,13.624730125544655,19,13.650150231528098
2003-01-20,852036.0,13.655384058439925,20,13.6487208630944
2003-01-21,902195.0,13.712585961932652,21,13.647135413958102
2003-01-22,941421.0,13.755145714902417,22,13.644299190283503
2003-01-23,977529.0,13.792783237920768,23,13.6452011899475
2003-01-24,949851.0,13.764060409170451,24,13.649269818869845
2003-01-25,833523.0,13.633416575273369,25,13.652059753016408
2003-01-26,787929.0,13.577163263257788,26,13.65269621498885
2003-01-27,932653.0,13.74578849210829,27,13.652638562029646
2003-01-28,947608.0,13.761696193611883,28,13.652247635980055
2003-01-29,874231.0,13.681099921775532,29,13.651837706092921
2003-01-30,863639.0,13.668910136399319,30,13.651543302895288
2003-01-31,836064.0,13.636460444160576,31,13.651286264902518
2003-02-01,760686.0,13.54197593671455,32,13.650643218565415
2003-02-02,713572.0,13.478038621809958,33,13.647798235443629
2003-02-03,780897.0,13.568198537922296,34,13.649339393785827
2003-02-04,784233.0,13.572461449056743,35,13.649104351264581
2003-02-05,828718.0,13.627635207368709,36,13.645912229117025
2003-02-06,855607.0,13.659566437550094,37,13.641278077288435
2003-02-07,829265.0,13.62829504528001,38,13.633387165769749
2003-02-08,787122.0,13.576138534445048,39,13.627081039653063
2003-02-09,769999.0,13.554144495127725,40,13.623233764585517
2003-02-10,832996.0,13.632784119216682,41,13.620079692202657
2003-02-11,852119.0,13.655481467419818,42,13.615796179536883
2003-02-12,867064.0,13.67286807080068,43,13.611253349244963
2003-02-13,892147.0,13.701386196190692,44,13.611865232206984
2003-02-14,861222.0,13.666107589896175,45,13.612253979751586
2003-02-15,801343.0,13.594044349124319,46,13.61175988555137
2003-02-16,862752.0,13.667882559126209,47,13.611174052440258
2003-02-17,846447.0,13.648802867845044,48,13.610527189069254
2003-02-18,825056.0,13.623206541801036,49,13.61343261343551
2003-02-19,826859.0,13.625389463701937,50,13.616306380272436
2003-02-20,783744.0,13.571837715397571,51,13.613643101082854
2003-02-21,796107.0,13.58748887790323,52,13.611550013351351
2003-02-22,748400.0,13.525692873382072,53,13.611754770623616
2003-02-23,721328.0,13.488849236537725,54,13.608445666761943
2003-02-24,827240.0,13.625850137466612,55,13.603185215355909
2003-02-25,834424.0,13.634496945438173,56,13.6027845001337
2003-02-26,889338.0,13.698232644712085,57,13.602254333345616
2003-02-27,873091.0,13.679795067648186,58,13.598508085484287
2003-02-28,824577.0,13.622625806554515,59,13.592472224979117
2003-03-01,748310.0,13.525572609603373,60,13.588721889381835
2003-03-02,700764.0,13.459926447421829,61,13.583266315135827
2003-03-03,847080.0,13.649550420177517,62,13.571829674327148
2003-03-04,849945.0,13.65292692049063,63,13.56418176740939
2003-03-05,769167.0,13.553063390060387,64,13.557532068791323
2003-03-06,806904.0,13.600959981068083,65,13.55276024582117
2003-03-07,834033.0,13.634028248903402,66,13.552350565405986
2003-03-08,717468.0,13.483483626318199,67,13.548250375931943
2003-03-09,664541.0,13.406851855758749,68,13.541341348754088
2003-03-10,823702.0,13.621564092994864,69,13.53445125789647
2003-03-11,839563.0,13.640636797353467,70,13.527466779647813
2003-03-12,780721.0,13.567973130683464,71,13.520395492238679
2003-03-13,753423.0,13.532382102045935,72,13.511199171022525
2003-03-14,775372.0,13.561098193172334,73,13.502755866544183
2003-03-15,687824.0,13.441288270236022,74,13.496022673210314
2003-03-16,626345.0,13.347656616483231,75,13.489015706681215
2003-03-17,683281.0,13.434661474147818,76,13.48622361291614
2003-03-18,684891.0,13.43701498049519,77,13.482515178056568
2003-03-19,723444.0,13.491778420537637,78,13.478789050669807
2003-03-20,774805.0,13.56036666377242,79,13.475742802963536
2003-03-21,709761.0,13.472683572630054,80,13.47001323138852
2003-03-22,616763.0,13.33224011240213,81,13.464059247165691
2003-03-23,594768.0,13.295926692524384,82,13.461113751604325
2003-03-24,680297.0,13.430284746504231,83,13.457508240042854
2003-03-25,684539.0,13.43650089798239,84,13.455087964655302
2003-03-26,687444.0,13.440735650659807,85,13.452878028343315
2003-03-27,689266.0,13.443382542254623,86,13.452864210601893
2003-03-28,682895.0,13.434096393206167,87,13.452495032936806
2003-03-29,615000.0,13.329377546788654,88,13.45118696149463
2003-03-30,648066.0,13.381747821999715,89,13.448064776308447
2003-03-31,763535.0,13.545714244109453,90,13.445825854410197
2003-04-01,765738.0,13.54859535366136,91,13.445545589884606
2003-04-02,706281.0,13.467768454284792,92,13.445324276105184
2003-04-03,687304.0,13.440531976967634,93,13.44404151804396
2003-04-04,705962.0,13.46731669066419,94,13.439388647340406
2003-04-05,660670.0,13.401009750599911,95,13.43833207662441
2003-04-06,600728.0,13.305897532037601,96,13.437917387571643
2003-04-07,769731.0,13.553796382143362,97,13.435737887060794
2003-04-08,789187.0,13.578758580617835,98,13.434349116961235
2003-04-09,780419.0,13.567586233923702,99,13.43385756928832
2003-04-10,745675.0,13.522045127423427,100,13.434042248911426
2003-04-11,747487.0,13.5244721927914,101,13.43433041789929
2003-04-12,630247.0,13.353867085022971,102,13.433802824312794
2003-04-13,588285.0,13.28496680333218,103,13.433568082422209
2003-04-14,677940.0,13.426814067431346,104,13.429211153576855
2003-04-15,680660.0,13.430818194671378,105,13.424502470666843
2003-04-16,697921.0,13.455861194823353,106,13.4200799433883
2003-04-17,680162.0,13.430086284072885,107,13.418205274932905
2003-04-18,689071.0,13.443099592582227,108,13.418445314342108
2003-04-19,609643.0,13.320628818924625,109,13.418484095448289
2003-04-20,559557.0,13.234900678220644,110,13.414429683419437
2003-04-21,654351.0,13.391399183716585,111,13.412329580932923
2003-04-22,675182.0,13.42273756314076,112,13.407618480787633
2003-04-23,691008.0,13.445906680106813,113,13.40241566058026
2003-04-24,694850.0,13.451451273914728,114,13.39846056763101
2003-04-25,672881.0,13.419323772784304,115,13.396001188884238
2003-04-26,610971.0,13.322804773852198,116,13.392304171851105
2003-04-27,573638.0,13.259753814329853,117,13.390801760424702
2003-04-28,669222.0,13.413871122629148,118,13.391398735193492
2003-04-29,676552.0,13.42476458986213,119,13.391160988279037
2003-04-30,670164.0,13.415277737533765,120,13.390665715421203
2003-05-01,691939.0,13.447253080425325,121,13.389376726945008
2003-05-02,706729.0,13.468402561637198,122,13.3892607049446
2003-05-03,589769.0,13.287486213792082,123,13.388581803665831
2003-05-04,566422.0,13.247094662415233,124,13.388775827476541
2003-05-05,674607.0,13.42188557807527,125,13.390495661836232
2003-05-06,682201.0,13.433079614811401,126,13.39175378804886
2003-05-07,698607.0,13.456843631344748,127,13.392009153016918
2003-05-08,696054.0,13.4531825225138,128,13.39148921521527
2003-05-09,673980.0,13.42095571586367,129,13.390800507009866
2003-05-10,604284.0,13.31179956508369,130,13.390738725430905
2003-05-11,598201.0,13.301682096858299,131,13.389974491785816
2003-05-12,673442.0,13.42015715382655,132,13.389554080517911
2003-05-13,671286.0,13.416950554652022,133,13.384338970572097
2003-05-14,673181.0,13.419769517489923,134,13.383739299701375
2003-05-15,677956.0,13.426837668061484,135,13.384171008595029
2003-05-16,676096.0,13.424090356776695,136,13.38374429924613
2003-05-17,612964.0,13.326061485624486,137,13.383060169618203
2003-05-18,587162.0,13.283056040291951,138,13.38473424178663
2003-05-19,677813.0,13.426626717670187,139,13.38584639175439
2003-05-20,680027.0,13.429887782246384,140,13.385655720051647
2003-05-21,681021.0,13.431348421660605,141,13.38552785834374
2003-05-22,681579.0,13.432167444163454,142,13.384988194815516
2003-05-23,671718.0,13.417593888573439,143,13.384689817703272
2003-05-24,598036.0,13.301406231789677,144,13.385639175961064
2003-05-25,566925.0,13.247982298828488,145,13.386881789315689
2003-05-26,578300.0,13.26784804414631,146,13.386572386412038
2003-05-27,665287.0,13.407973805481953,147,13.388176178217359
2003-05-28,678314.0,13.427365586556054,148,13.391783175753288
2003-05-29,683721.0,13.43530521865616,149,13.397673062116834
2003-05-30,693320.0,13.449246932055246,150,13.405886157928723
2003-05-31,618072.0,13.334360234508033,151,13.412846666420782
2003-06-01,584338.0,13.278234861512555,152,13.420698283046132
2003-06-02,671015.0,13.416546770398442,153,13.429344265570208
2003-06-03,679763.0,13.429499486990034,154,13.432412024458474
2003-06-04,688130.0,13.44173305255439,155,13.433457506352456
2003-06-05,690263.0,13.444827963370933,156,13.435682156165123
2003-06-06,692136.0,13.44753774708187,157,13.44021245225133
2003-06-07,625679.0,13.346592739013124,158,13.443473280466335
2003-06-08,593041.0,13.293018815556078,159,13.445538243668826
2003-06-09,704373.0,13.46506332437552,160,13.448072019360177
2003-06-10,742625.0,13.517946485658042,161,13.459257016425667
2003-06-11,793879.0,13.584686335669184,162,13.469995015812577
2003-06-12,853247.0,13.656804350794417,163,13.482276503156417
2003-06-13,821580.0,13.618984594554334,164,13.497144050894898
2003-06-14,763682.0,13.545906751134263,165,13.510420536409354
2003-06-15,747989.0,13.52514355096613,166,13.51869594939437
2003-06-16,738609.0,13.512523966541632,167,13.529582339083476
2003-06-17,700228.0,13.459161275277873,168,13.541471046666741
2003-06-18,724791.0,13.49363861641527,169,13.550880787625099
2003-06-19,773759.0,13.55901573457727,170,13.559207701612385
2003-06-20,735935.0,13.508897078593604,171,13.565101504920166
2003-06-21,633633.0,13.359225201459397,172,13.571461298517862
2003-06-22,608607.0,13.31892801818629,173,13.584655385784512
2003-06-23,790980.0,13.581027961980071,174,13.600013322359578
2003-06-24,898640.0,13.708637788315452,175,13.612255354201881
2003-06-25,956702.0,13.771247232183567,176,13.623407094313114
2003-06-26,1036745.0,13.851596555333554,177,13.630513210758854
2003-06-27,1005493.0,13.820988526460019,178,13.628436304342026
2003-06-28,779238.0,13.56607179808849,179,13.630024218831252
2003-06-29,792584.0,13.58305377280749,180,13.63110487820367
2003-06-30,936056.0,13.749430582729872,181,13.631185956128018
2003-07-01,884672.0,13.69297223382403,182,13.635391757061358
2003-07-02,868816.0,13.674886644198493,183,13.64322921393455
2003-07-03,814113.0,13.609854455988804,184,13.652491430662883
2003-07-04,827043.0,13.625611967817367,185,13.657544170370125
2003-07-05,905305.0,13.71602718247932,186,13.663045523647535
2003-07-06,911677.0,13.723041039657975,187,13.670002798734041
2003-07-07,992359.0,13.807840215960042,188,13.677791401051651
2003-07-08,1014793.0,13.830195208772555,189,13.684116637804136
2003-07-09,968649.0,13.783657596149927,190,13.686449729040238
2003-07-10,805043.0,13.598650971123178,191,13.684182426124655
2003-07-11,858933.0,13.663446200252704,192,13.678972597765261
2003-07-12,787143.0,13.576165213561971,193,13.674371993849139
2003-07-13,749689.0,13.52741373284783,194,13.677514488347082
2003-07-14,830918.0,13.630286392675137,195,13.681187548992899
2003-07-15,872057.0,13.678610067727266,196,13.681206735303109
2003-07-16,939385.0,13.752980684808628,197,13.680408731532292
2003-07-17,891350.0,13.700492446380007,198,13.67906518969971
2003-07-18,858494.0,13.662934970361057,199,13.680191476162067
2003-07-19,769910.0,13.554028903881619,200,13.681939486418937
2003-07-20,756917.0,13.537008883079386,201,13.680470058159585
2003-07-21,944239.0,13.758134591049606,202,13.678687638837058
2003-07-22,959305.0,13.773964342926304,203,13.676978869580685
2003-07-23,897854.0,13.707762750547273,204,13.673507506780846
2003-07-24,896023.0,13.705721361270465,205,13.67094579152978
2003-07-25,883964.0,13.692171616808636,206,13.674137229045652
2003-07-26,850910.0,13.654061644030902,207,13.676071608428762
2003-07-27,878437.0,13.685899470890368,208,13.678204371167755
2003-07-28,936559.0,13.749967799415733,209,13.681881532260833
2003-07-29,865124.0,13.67062812824117,210,13.685477399300401
2003-07-30,836739.0,13.637267472886176,211,13.688669881713471
2003-07-31,840196.0,13.641390476934841,212,13.690595556890463
2003-08-01,868529.0,13.67455625500969,213,13.694779265840438
2003-08-02,868813.0,13.674883191217448,214,13.700166447419779
2003-08-03,867294.0,13.673133298627171,215,13.704717400842998
2003-08-04,945997.0,13.759994676781629,216,13.706894318312743
2003-08-05,920799.0,13.732997050377056,217,13.703788773716031
2003-08-06,901603.0,13.711929569120091,218,13.701049798756102
2003-08-07,880294.0,13.688011221567539,219,13.702693113733677
2003-08-08,906738.0,13.717608822979827,220,13.706718503886814
2003-08-09,835581.0,13.635882570253806,221,13.71257362217244
2003-08-10,830991.0,13.630374243454026,222,13.711784801462818
2003-08-11,918935.0,13.730970669783089,223,13.702617149770566
2003-08-12,953600.0,13.767999575293222,224,13.69892115281903
2003-08-13,991426.0,13.806899589764368,225,13.700755493825085
2003-08-14,1002128.0,13.81763629697929,226,13.704333579680357
2003-08-15,998267.0,13.813776054582616,227,13.707089520799524
2003-08-16,874542.0,13.681455599731766,228,13.70914359210812
2003-08-17,804489.0,13.597962572232221,229,13.708854677734516
2003-08-18,865601.0,13.67117934234171,230,13.699995608926006
2003-08-19,888485.0,13.69727304404829,231,13.690161009105651
2003-08-20,940132.0,13.753775569919359,232,13.685199259415032
2003-08-21,1002926.0,13.818432285558286,233,13.680284409563301
2003-08-22,1041440.0,13.856114928806214,234,13.67821717748207
2003-08-23,832322.0,13.63197466416149,235,13.672820308155767
2003-08-24,679563.0,13.429205223507331,236,13.664734405235382
2003-08-25,844483.0,13.646479884772788,237,13.6563944987371
2003-08-26,910719.0,13.72198967641064,238,13.650278259311387
2003-08-27,924912.0,13.737453876833793,239,13.642246340786063
2003-08-28,907598.0,13.718556828271469,240,13.631606548212728
2003-08-29,919946.0,13.732070251650391,241,13.621381762778194
2003-08-30,861813.0,13.66679358875653,242,13.609857451630825
2003-08-31,676765.0,13.425079371988948,243,13.601617920116425
2003-09-01,718288.0,13.484625881811692,244,13.599112655111355
2003-09-02,801362.0,13.594068059039744,245,13.59799563620676
2003-09-03,785687.0,13.574313773271653,246,13.593646119653675
2003-09-04,830787.0,13.630128723293062,247,13.58556153013489
2003-09-05,779569.0,13.566496481843405,248,13.57325826821499
2003-09-06,666288.0,13.409477288483,249,13.558521349081193
2003-09-07,657932.0,13.396856861502105,250,13.551663734998327
2003-09-08,774301.0,13.559715965863068,251,13.549703708638484
2003-09-09,761546.0,13.543105856584186,252,13.54544682009679
2003-09-10,736000.0,13.508985397711013,253,13.539155431668123
2003-09-11,752640.0,13.53134230481229,254,13.529950710631024
2003-09-12,722950.0,13.491095342456273,255,13.522903591019132
2003-09-13,694362.0,13.450748717328588,256,13.515865132838899
2003-09-14,749990.0,13.52781515209027,257,13.509534724752864
2003-09-15,838947.0,13.639902813013006,258,13.50861926427759
2003-09-16,786609.0,13.575486580561988,259,13.506870555130918
2003-09-17,749684.0,13.527407063393332,260,13.500977866475377
2003-09-18,710654.0,13.473940951801145,261,13.496038600317563
2003-09-19,689334.0,13.443481193059867,262,13.489264377909745
2003-09-20,686912.0,13.439961469841196,263,13.484850763182454
2003-09-21,643273.0,13.374324485431696,264,13.482619610238066
2003-09-22,749594.0,13.527287005605372,265,13.479102463256464
2003-09-23,763624.0,13.545830800407915,266,13.474578584680327
2003-09-24,714774.0,13.47972168779501,267,13.47130345913423
2003-09-25,745073.0,13.521237479138506,268,13.46947651006164
2003-09-26,755393.0,13.534993422603844,269,13.467284560154965
2003-09-27,721828.0,13.489542162347554,270,13.46564601741822
2003-09-28,659638.0,13.399446478681286,271,13.461267403310982
2003-09-29,683965.0,13.435662025704836,272,13.453147134885764
2003-09-30,679473.0,13.429072776684539,273,13.445560468303361
2003-10-01,684206.0,13.436014320852873,274,13.44089372693534
2003-10-02,687248.0,13.440450495874112,275,13.437479314563229
2003-10-03,688944.0,13.442915269479272,276,13.436397061061422
2003-10-04,625937.0,13.347005006040158,277,13.435893563568595
2003-10-05,596227.0,13.298376746017196,278,13.431966662580246
2003-10-06,682179.0,13.43304736573123,279,13.429455658723066
2003-10-07,694816.0,13.451402341293498,280,13.42631925977381
2003-10-08,699297.0,13.457830823678465,281,13.422810444748574
2003-10-09,707836.0,13.469967707425456,282,13.421508524506208
2003-10-10,690531.0,13.445216145827354,283,13.42059575308299
2003-10-11,614244.0,13.328147522325951,284,13.419073137629026
2003-10-12,597463.0,13.300447636184197,285,13.415101340677321
2003-10-13,678389.0,13.42747614870573,286,13.410990615124517
2003-10-14,690256.0,13.444817822257338,287,13.41176161677804
2003-10-15,681331.0,13.431803516974224,288,13.413030764624926
2003-10-16,689442.0,13.44363785375054,289,13.414494526189227
2003-10-17,679684.0,13.429383263260695,290,13.415729641107804
2003-10-18,615388.0,13.330008242167448,291,13.41573793441216
2003-10-19,599599.0,13.30401637743067,292,13.415580910333675
2003-10-20,686573.0,13.439467835026278,293,13.41605101653717
2003-10-21,692168.0,13.447583979701305,294,13.417184707202761
2003-10-22,689187.0,13.443267921008797,295,13.417635312811786
2003-10-23,726272.0,13.495679879288414,296,13.418406035247212
2003-10-24,723865.0,13.492360189892866,297,13.418519279691967
2003-10-25,645856.0,13.378331847699846,298,13.418152936124828
2003-10-26,587920.0,13.284346163202752,299,13.4200846427495
2003-10-27,698891.0,13.457250072003568,300,13.424309460045034
2003-10-28,704053.0,13.464608916397383,301,13.42866791905827
2003-10-29,712831.0,13.476999644653212,302,13.431595328080894
2003-10-30,711431.0,13.475033713594314,303,13.433577873074695
2003-10-31,689104.0,13.443147482001214,304,13.435438631298029
2003-11-01,623191.0,13.34260833184261,305,13.439564250143679
2003-11-02,604127.0,13.311539719715048,306,13.442541684212342
2003-11-03,704181.0,13.46479070436778,307,13.445365224611967
2003-11-04,703638.0,13.46401929834623,308,13.446660225066998
2003-11-05,714552.0,13.479411051870407,309,13.448545718873524
2003-11-06,710084.0,13.473138551878593,310,13.450079724220844
2003-11-07,683484.0,13.434958525947495,311,13.449610079209299
2003-11-08,648382.0,13.382235307816744,312,13.44920673895837
2003-11-09,672490.0,13.418742520459098,313,13.448949510478839
2003-11-10,766441.0,13.549513001076358,314,13.451184416252747
2003-11-11,749218.0,13.526785274890795,315,13.451738581386508
2003-11-12,720222.0,13.487314776800618,316,13.454190419112736
2003-11-13,726315.0,13.49573908400388,317,13.456615921035489
2003-11-14,762914.0,13.54490059093891,318,13.452254071202061
2003-11-15,668891.0,13.413376396089983,319,13.449648899103991
2003-11-16,648927.0,13.383075508620195,320,13.452613233542717
2003-11-17,711925.0,13.475727847767121,321,13.456590403156682
2003-11-18,729692.0,13.500377806283993,322,13.458391835149738
2003-11-19,719434.0,13.486220070733761,323,13.463407612982138
2003-11-20,716784.0,13.48252981896516,324,13.469430729098653
2003-11-21,715736.0,13.481066662866864,325,13.47548738755904
2003-11-22,641221.0,13.371129450272933,326,13.482920902878345
2003-11-23,625886.0,13.346923524872249,327,13.49078172677367
2003-11-24,709820.0,13.472766695748824,328,13.496414626651758
2003-11-25,754085.0,13.5332603727318,329,13.500143721643306
2003-11-26,762924.0,13.544913698490303,330,13.504358340218024
2003-11-27,629639.0,13.352901918258361,331,13.508764093610145
2003-11-28,640627.0,13.370202663255256,332,13.511225249702102
2003-11-29,677124.0,13.425609696126914,333,13.513146636260247
2003-11-30,675292.0,13.42290046890606,334,13.518696618977241
2003-12-01,740611.0,13.515230800173384,335,13.525839510922097
2003-12-02,809734.0,13.604461077653427,336,13.531746212904869
2003-12-03,845817.0,13.648058303132796,337,13.536180191723597
2003-12-04,841318.0,13.642724988769434,338,13.540762237985295
2003-12-05,841631.0,13.643096954887966,339,13.547154697981457
2003-12-06,808017.0,13.602338376885864,340,13.553289832951553
2003-12-07,787378.0,13.576463717045563,341,13.560915334979905
2003-12-08,850796.0,13.653927660839715,342,13.568640763577104
2003-12-09,843061.0,13.644794594982933,343,13.572987124612224
2003-12-10,814782.0,13.61067587178002,344,13.572778458961059
2003-12-11,778132.0,13.564651454578682,345,13.569891403448676
2003-12-12,805082.0,13.598699414567019,346,13.57257008544505
2003-12-13,781348.0,13.56877591216581,347,13.578116530231346
2003-12-14,792602.0,13.58307648307619,348,13.579560151545952
2003-12-15,839965.0,13.64111550328475,349,13.58074371630473
2003-12-16,826148.0,13.624529213208325,350,13.581566065941482
2003-12-17,817918.0,13.61451736606129,351,13.578674472064966
2003-12-18,857279.0,13.661518698857671,352,13.573895991957757
2003-12-19,849880.0,13.652850442029575,353,13.565723920377598
2003-12-20,793845.0,13.584643507066726,354,13.560037877126721
2003-12-21,777031.0,13.563235525593816,355,13.552664928461214
2003-12-22,801680.0,13.59446480473221,356,13.545408841685411
2003-12-23,749692.0,13.527417734499178,357,13.541626725923022
2003-12-24,703678.0,13.464076144143494,358,13.540431117364491
2003-12-25,678680.0,13.427905014156876,359,13.54432640315727
2003-12-26,748258.0,13.525503117271557,360,13.549195052030086
2003-12-27,705055.0,13.466031092935854,361,13.552391493551008
2003-12-28,698046.0,13.456040282151827,362,13.558577670811074
2003-12-29,757862.0,13.538256590002437,363,13.562010751530346
2003-12-30,746758.0,13.523496449111029,364,13.562634633418753
2003-12-31,739893.0,13.514260860130952,365,13.562706797605502
2004-01-01,669246.0,13.413906984524992,1,13.566844500979341
2004-01-02,717758.0,13.483887743863376,2,13.570114155898176
2004-01-03,657300.0,13.395895814251668,3,13.575591010500428
2004-01-04,642610.0,13.37329328732308,4,13.57849227164065
2004-01-05,765304.0,13.548028419492834,5,13.579202183967928
2004-01-06,815305.0,13.611317555344081,6,13.582815734825996
2004-01-07,908676.0,13.71974387397777,7,13.590163748264667
2004-01-08,891779.0,13.700973623017568,8,13.599959273727277
2004-01-09,880460.0,13.688199777152807,9,13.60975130992428
2004-01-10,929116.0,13.741988875447651,10,13.618263353966316
2004-01-11,872574.0,13.679202743215818,11,13.626641741462393
2004-01-12,854767.0,13.658584196160158,12,13.635871201500212
2004-01-13,827819.0,13.626549810437329,13,13.644428858790672
2004-01-14,918386.0,13.73037306052881,14,13.65257416159738
2004-01-15,939468.0,13.75306903658501,15,13.659994341980587
2004-01-16,990735.0,13.806202370892649,16,13.671205821483406
2004-01-17,861025.0,13.665878818992978,17,13.680103435716328
2004-01-18,792631.0,13.583113070757628,18,13.691115742080582
2004-01-19,887039.0,13.695644228758054,19,13.700282976265722
2004-01-20,920951.0,13.733162110781938,20,13.705236568776842
2004-01-21,925742.0,13.738350857096608,21,13.707507509976155
2004-01-22,892768.0,13.702082027672926,22,13.704087441120496
2004-01-23,949642.0,13.76384035044863,23,13.702940538364087
2004-01-24,891469.0,13.700625942826003,24,13.702021246556749
2004-01-25,903892.0,13.714465163210772,25,13.694689820194991
2004-01-26,963060.0,13.777870994135318,26,13.69096437124438
2004-01-27,938056.0,13.751564927698835,27,13.690723015802487
2004-01-28,910752.0,13.722025910860713,28,13.689112764393093
2004-01-29,916052.0,13.727828410603946,29,13.684535367415663
2004-01-30,920821.0,13.733020942385181,30,13.680151347517171
2004-01-31,894697.0,13.70424039245082,31,13.672583767041957
2004-02-01,830660.0,13.629975844506982,32,13.667208832977705
2004-02-02,879166.0,13.686729009804223,33,13.665142264804773
2004-02-03,868831.0,13.674903908924874,34,13.66430179978615
2004-02-04,825696.0,13.623981946019315,35,13.662346877358113
2004-02-05,863596.0,13.668860345838093,36,13.658584567621103
2004-02-06,858086.0,13.662459606547332,37,13.654655904679714
2004-02-07,756690.0,13.53670893731843,38,13.647589396179304
2004-02-08,786140.0,13.574890172598732,39,13.639193680603782
2004-02-09,849010.0,13.651826243787132,40,13.630210386305734
2004-02-10,791324.0,13.581462770974321,41,13.622956119045087
2004-02-11,807910.0,13.602205945160723,42,13.617463660951781
2004-02-12,830943.0,13.63031647942728,43,13.613869668212788
2004-02-13,801556.0,13.594310117586653,44,13.60986617811342
2004-02-14,740722.0,13.515380665193886,45,13.604242992766453
2004-02-15,748068.0,13.525249161915543,46,13.59570906628448
2004-02-16,866408.0,13.67211120823663,47,13.587580432557498
2004-02-17,871895.0,13.678424282796872,48,13.580852717438342
2004-02-18,833181.0,13.633006184460363,49,13.573834774927713
2004-02-19,799770.0,13.592079465314017,50,13.56843609186564
2004-02-20,779165.0,13.565978112437149,51,13.561987462059689
2004-02-21,704713.0,13.4655459067113,52,13.555400447764715
2004-02-22,702874.0,13.46293292286541,53,13.549494301630224
2004-02-23,786031.0,13.574751510837162,54,13.541483523900508
2004-02-24,804339.0,13.597776101086227,55,13.537103142971544
2004-02-25,823562.0,13.62139411416896,56,13.536367913278129
2004-02-26,818911.0,13.615730687821621,57,13.535468454821213
2004-02-27,786676.0,13.575571752670081,58,13.532153305794482
2004-02-28,704533.0,13.465290450955557,59,13.529798527859793
2004-02-29,661572.0,13.402374100151535,60,13.528720274231478
2004-03-01,728216.0,13.498352986467808,61,13.526199839122949
2004-03-02,713831.0,13.478401518627244,62,13.519584938281056
2004-03-03,709857.0,13.472818820281388,63,13.51661185860822
2004-03-04,720931.0,13.48829871127142,64,13.51556278298203
2004-03-05,713561.0,13.478023206288068,65,13.515310032606065
2004-03-06,641354.0,13.371336845552705,66,13.515168668100566
2004-03-07,628184.0,13.350588396166657,67,13.5152205765317
2004-03-08,751011.0,13.529175577776154,68,13.51307460046433
2004-03-09,775200.0,13.560876339558693,69,13.513893088480062
2004-03-10,787817.0,13.577021108367102,70,13.513584362689127
2004-03-11,757283.0,13.537492306678816,71,13.510319650207368
2004-03-12,750411.0,13.528376335415325,72,13.505758301671175
2004-03-13,718693.0,13.485189563601114,73,13.501160520521669
2004-03-14,697095.0,13.454676978876682,74,13.49654038960674
2004-03-15,719919.0,13.486893984663638,75,13.492881025125616
2004-03-16,802252.0,13.595178051957467,76,13.491408004501038
2004-03-17,809063.0,13.60363206692703,77,13.492888694116605
2004-03-18,794130.0,13.585002454787011,78,13.494312972103545
2004-03-19,776087.0,13.56201990628318,79,13.49493756650941
2004-03-20,705738.0,13.466999342783081,80,13.496077843570927
2004-03-21,661884.0,13.402845592979071,81,13.497675820659849
2004-03-22,804253.0,13.597669175277716,82,13.498359713145003
2004-03-23,797416.0,13.589131778940027,83,13.499939730601762
2004-03-24,751617.0,13.529982164679705,84,13.499128206460142
2004-03-25,720725.0,13.488012928808194,85,13.495075115328532
2004-03-26,691649.0,13.446833880483945,86,13.492534729697681
2004-03-27,619041.0,13.335926785337533,87,13.48755459752708
2004-03-28,597143.0,13.299911894680047,88,13.48165551157295
2004-03-29,698792.0,13.457108408979598,89,13.476584824674072
2004-03-30,744048.0,13.519860827863186,90,13.476623498556501
2004-03-31,738738.0,13.512698603915693,91,13.473953128344766
2004-04-01,733650.0,13.505787354635613,92,13.470121289182918
2004-04-02,736711.0,13.509950964010498,93,13.46629079043581
2004-04-03,670702.0,13.41608020404253,94,13.462529944741883
2004-04-04,640329.0,13.369737385750993,95,13.457484153833173
2004-04-05,784982.0,13.573416066565345,96,13.45353321214703
2004-04-06,757784.0,13.538153663593409,97,13.449170639073401
2004-04-07,703297.0,13.463534556682006,98,13.445641217665573
2004-04-08,705288.0,13.46636150901495,99,13.442829192245659
2004-04-09,652739.0,13.388932634638456,100,13.442621157503657
2004-04-10,609269.0,13.320015156885468,101,13.44325770488103
2004-04-11,604827.0,13.31269774570814,102,13.442735476691096
2004-04-12,720699.0,13.487976853371679,103,13.44224916646276
2004-04-13,744455.0,13.52040768602893,104,13.441863521735161
2004-04-14,726752.0,13.49634057039532,105,13.438838454649723
2004-04-15,713365.0,13.47774848986797,106,13.436468530733672
2004-04-16,698518.0,13.45671622685321,107,13.434459427843091
2004-04-17,612753.0,13.325717197339205,108,13.432138573097168
2004-04-18,592567.0,13.29221922576712,109,13.430213114724637
2004-04-19,711775.0,13.475517129216085,110,13.429831817202196
2004-04-20,722381.0,13.490307979520868,111,13.425050032457131
2004-04-21,694707.0,13.451245452922132,112,13.421347139520833
2004-04-22,716539.0,13.48218795603212,113,13.420617578521554
2004-04-23,704087.0,13.464657207050312,114,13.419806485617459
2004-04-24,610055.0,13.321304396019396,115,13.422996349014683
2004-04-25,589067.0,13.286295208286683,116,13.422917655300322
2004-04-26,691287.0,13.44631035660682,117,13.42269285926404
2004-04-27,683621.0,13.435158949470866,118,13.424705855148554
2004-04-28,691308.0,13.446340734266222,119,13.428997156999925
2004-04-29,693518.0,13.449532473699398,120,13.435659377949301
2004-04-30,690359.0,13.444967031124678,121,13.443642955949516
2004-05-01,635500.0,13.362167369611646,122,13.449860324843101
2004-05-02,633529.0,13.35906105512257,123,13.459244691363947
2004-05-03,686613.0,13.439526093703561,124,13.46639509910574
2004-05-04,683152.0,13.434472661377074,125,13.470673110453939
2004-05-05,689076.0,13.44310684870222,126,13.475695456178153
2004-05-06,689451.0,13.443650907700338,127,13.48024275289161
2004-05-07,713722.0,13.478248809760796,128,13.482016671986376
2004-05-08,607928.0,13.317811732883346,129,13.486085158532807
2004-05-09,601032.0,13.306403456692248,130,13.4958660043885
2004-05-10,762487.0,13.544340738138036,131,13.508973815859088
2004-05-11,839502.0,13.640564137867353,132,13.520730243311716
2004-05-12,875791.0,13.68288275697784,133,13.53038477542036
2004-05-13,892060.0,13.701288673873977,134,13.535940381161215
2004-05-14,831347.0,13.630802555873574,135,13.541187521388178
2004-05-15,796896.0,13.588479459922873,136,13.54647193448382
2004-05-16,723916.0,13.492430642537322,137,13.546471990682495
2004-05-17,802351.0,13.595301446965609,138,13.544207342882942
2004-05-18,831456.0,13.630933659798881,139,13.540812925396112
2004-05-19,789038.0,13.57856976089892,140,13.542597597742638
2004-05-20,753028.0,13.531857690685655,141,13.545719289183968
2004-05-21,789042.0,13.578574830350405,142,13.549220332027359
2004-05-22,802244.0,13.595168079978725,143,13.549519562122464
2004-05-23,850274.0,13.65331392946313,144,13.550917527077772
2004-05-24,960770.0,13.775490325280416,145,13.55071581639709
2004-05-25,895812.0,13.7054858485129,146,13.550168781851955
2004-05-26,807661.0,13.60189769501019,147,13.55089807362881
2004-05-27,803275.0,13.596452400054313,148,13.55471207041818
2004-05-28,800451.0,13.59293059780273,149,13.556925819945135
2004-05-29,635501.0,13.362168943174531,150,13.553180491433865
2004-05-30,594604.0,13.295650916735077,151,13.546315107545594
2004-05-31,624360.0,13.34448240407235,152,13.540842839118188
2004-06-01,718157.0,13.484443487079748,153,13.541220654925668
2004-06-02,752017.0,13.530514209059435,154,13.545657065305814
2004-06-03,760461.0,13.541680107315234,155,13.552351523658613
2004-06-04,719727.0,13.486627252423714,156,13.561839197610633
2004-06-05,632196.0,13.356954751631964,157,13.56981623160739
2004-06-06,597647.0,13.300755557633192,158,13.571427988658419
2004-06-07,750897.0,13.529023770874241,159,13.56194594517517
2004-06-08,856821.0,13.660984307619238,160,13.553762568919668
2004-06-09,974495.0,13.789674667080263,161,13.551545764813332
2004-06-10,949104.0,13.763273660628721,162,13.553455866329246
2004-06-11,748580.0,13.525933357558037,163,13.55660463655424
2004-06-12,657532.0,13.396248711051271,164,13.559653886043773
2004-06-13,621075.0,13.339207126570011,165,13.566246475706077
2004-06-14,810884.0,13.605880289575081,166,13.571061808331345
2004-06-15,941428.0,13.755153150442919,167,13.579770610482939
2004-06-16,951709.0,13.766014594777305,168,13.583784531231505
2004-06-17,982163.0,13.797512561342197,169,13.587049144540247
2004-06-18,986513.0,13.801931782259652,170,13.592422588810853
2004-06-19,839278.0,13.64029727740758,171,13.601292341038505
2004-06-20,652011.0,13.387816711932118,172,13.61043572701661
2004-06-21,764025.0,13.546355790126377,173,13.619139132025527
2004-06-22,841899.0,13.643415333535525,174,13.625215020103084
2004-06-23,852033.0,13.65538053745574,175,13.628085738803703
2004-06-24,877312.0,13.684617966354171,176,13.626448076506204
2004-06-25,871795.0,13.678309583509602,177,13.626460755388623
2004-06-26,764335.0,13.546761453719053,178,13.631890553389962
2004-06-27,680430.0,13.43048023024259,179,13.638458101612256
2004-06-28,796776.0,13.588328864316967,180,13.648620325230425
2004-06-29,803581.0,13.59683326803962,181,13.651416342260344
2004-06-30,823998.0,13.621923381704198,182,13.647560181880134
2004-07-01,883933.0,13.692136546892229,183,13.643469488678432
2004-07-02,922627.0,13.734980314797953,184,13.637653151697782
2004-07-03,816653.0,13.612969559018897,185,13.631423360761135
2004-07-04,762571.0,13.544450897882893,186,13.630054821249503
2004-07-05,890153.0,13.699148637045832,187,13.634134522553653
2004-07-06,928536.0,13.741364431236521,188,13.637484298636753
2004-07-07,930819.0,13.743820122750286,189,13.64029127025442
2004-07-08,949441.0,13.763628669336484,190,13.643923555255844
2004-07-09,871497.0,13.677967701595495,191,13.647998060657972
2004-07-10,790278.0,13.580140061275543,192,13.650415181793546
2004-07-11,825504.0,13.623749387878732,193,13.650511633990677
2004-07-12,876918.0,13.684168766412744,194,13.651686762433313
2004-07-13,845075.0,13.647180659797057,195,13.652655672203187
2004-07-14,848712.0,13.651475185129637,196,13.654750544137528
2004-07-15,834556.0,13.634655125884045,197,13.656666334034671
2004-07-16,828604.0,13.62749763603353,198,13.657385544889182
2004-07-17,807726.0,13.601978171081912,199,13.658661075926407
2004-07-18,730912.0,13.50204834844836,200,13.663374881343927
2004-07-19,839154.0,13.640149520453202,201,13.668143543520731
2004-07-20,910738.0,13.722010538830123,202,13.671332536710581
2004-07-21,943248.0,13.757084517495658,203,13.673489610052426
2004-07-22,983334.0,13.798704117613765,204,13.675830488199782
2004-07-23,932840.0,13.745988975305629,205,13.672344565117243
2004-07-24,766402.0,13.549462115238724,206,13.6663410100651
2004-07-25,703191.0,13.463383826636388,207,13.658738115987745
2004-07-26,818688.0,13.615458337873463,208,13.650035801127538
2004-07-27,852126.0,13.655489682201145,209,13.64779168091432
2004-07-28,869406.0,13.675565498824264,210,13.649870141671625
2004-07-29,901914.0,13.712274450818553,211,13.652702775101066
2004-07-30,956174.0,13.770695183840227,212,13.655393664571468
2004-07-31,931877.0,13.744956110709433,213,13.656985893448981
2004-08-01,871502.0,13.67797343883344,214,13.653644725137683
2004-08-02,973293.0,13.788440446361598,215,13.653068655522924
2004-08-03,986346.0,13.801762484808188,216,13.652684881453252
2004-08-04,993873.0,13.809364710876267,217,13.649539573554232
2004-08-05,861149.0,13.666022823025338,218,13.646655979657211
2004-08-06,736650.0,13.5098681601355,219,13.644632779995892
2004-08-07,638744.0,13.367259027109554,220,13.647228123652246
2004-08-08,646989.0,13.380084571792915,221,13.65080574148088
2004-08-09,823512.0,13.62133340044266,222,13.649378518711343
2004-08-10,895715.0,13.705377561001638,223,13.649076546794985
2004-08-11,918768.0,13.730788921154002,224,13.649578833743712
2004-08-12,899865.0,13.710000031055323,225,13.648751525420177
2004-08-13,866381.0,13.672080044603895,226,13.646514290503694
2004-08-14,735588.0,13.508425458365538,227,13.644522706023167
2004-08-15,719217.0,13.48591839923505,228,13.64368172520883
2004-08-16,830185.0,13.629403846502411,229,13.64465151132839
2004-08-17,833961.0,13.633941917657552,230,13.644545748745326
2004-08-18,870083.0,13.676343888379106,231,13.642650492635214
2004-08-19,929177.0,13.742054527096796,232,13.637186711054095
2004-08-20,1003153.0,13.81865859768355,233,13.63612100005085
2004-08-21,847152.0,13.649635414440457,234,13.640313215808744
2004-08-22,675644.0,13.42342158908935,235,13.647086493370782
2004-08-23,811795.0,13.607003124215467,236,13.649277479808447
2004-08-24,864195.0,13.669553716765478,237,13.641538712267886
2004-08-25,849498.0,13.652400865765278,238,13.638842956034221
2004-08-26,847149.0,13.64963187315706,239,13.637141114261793
2004-08-27,904313.0,13.714930818385497,240,13.637420654735331
2004-08-28,910190.0,13.721408647907973,241,13.635841526387983
2004-08-29,895491.0,13.705127450181143,242,13.634522939200865
2004-08-30,970415.0,13.785479094035791,243,13.632829694028818
2004-08-31,935368.0,13.748695313725097,244,13.632804174248355
2004-09-01,852884.0,13.656378826604916,245,13.631013946722025
2004-09-02,835832.0,13.636182914934489,246,13.626230722268508
2004-09-03,828399.0,13.627250201356532,247,13.62098553452629
2004-09-04,772132.0,13.556910798846696,248,13.614030374685742
2004-09-05,687923.0,13.441432192047476,249,13.607569242318123
2004-09-06,663078.0,13.40464790930695,250,13.603021076898852
2004-09-07,830594.0,13.629896386458984,251,13.596864868035501
2004-09-08,876014.0,13.683137351525982,252,13.590232746217108
2004-09-09,906936.0,13.717827164314363,253,13.586026098869914
2004-09-10,828908.0,13.6278644508782,254,13.584178902107741
2004-09-11,708925.0,13.471505017126205,255,13.579240542315203
2004-09-12,685914.0,13.438507534417758,256,13.568883975414478
2004-09-13,829592.0,13.628689292649415,257,13.557807535781746
2004-09-14,793188.0,13.583815546920299,258,13.548556456266558
2004-09-15,761019.0,13.542413603680638,259,13.542673025790707
2004-09-16,802261.0,13.595189270314687,260,13.537549371962415
2004-09-17,825640.0,13.623914122148195,261,13.532498985494394
2004-09-18,706956.0,13.468723708147136,262,13.52675103647681
2004-09-19,594855.0,13.29607295734972,263,13.520424882658412
2004-09-20,683259.0,13.43462927604165,264,13.516176964035148
2004-09-21,717734.0,13.483854305850482,265,13.518131213754144
2004-09-22,755107.0,13.534614740043873,266,13.511347303945954
2004-09-23,804447.0,13.597910363816213,267,13.503033253797728
2004-09-24,787530.0,13.576656744194416,268,13.494006835751648
2004-09-25,681073.0,13.431424774687672,269,13.488075497105143
2004-09-26,656703.0,13.394987140464655,270,13.48377159781712
2004-09-27,748966.0,13.526448867610545,271,13.47899620711044
2004-09-28,793302.0,13.58395926040125,272,13.471527995136654
2004-09-29,738899.0,13.512916519412716,273,13.466709968868713
2004-09-30,725613.0,13.494772093829848,274,13.463599104603295
2004-10-01,705250.0,13.466307628864243,275,13.458710601764395
2004-10-02,646791.0,13.379778491931507,276,13.452667596416266
2004-10-03,610779.0,13.32249047059608,277,13.448062642182567
2004-10-04,700372.0,13.459366901438814,278,13.449272759459413
2004-10-05,686902.0,13.439946911829704,279,13.4502311276883
2004-10-06,694081.0,13.450343947375718,280,13.449979503832596
2004-10-07,704390.0,13.465087459024144,281,13.448051500720672
2004-10-08,702069.0,13.461786968776034,282,13.443751893847093
2004-10-09,628440.0,13.350995837061534,283,13.439668879784918
2004-10-10,600067.0,13.304796594630693,284,13.437478027121966
2004-10-11,673053.0,13.419579357383455,285,13.436099497503841
2004-10-12,693087.0,13.448910811417953,286,13.433891637984402
2004-10-13,697536.0,13.455309404248984,287,13.429654378665356
2004-10-14,699633.0,13.458311190825444,288,13.428024852138904
2004-10-15,697118.0,13.45470997240063,289,13.426925066042212
2004-10-16,621434.0,13.339784989603581,290,13.42675908617469
2004-10-17,615356.0,13.329956241101415,291,13.426058166931455
2004-10-18,701842.0,13.461463586450547,292,13.424386670615762
2004-10-19,712695.0,13.476808837890777,293,13.423535368113166
2004-10-20,715424.0,13.480630652909985,294,13.42397002779345
2004-10-21,713203.0,13.477521371355994,295,13.42386025906018
2004-10-22,702452.0,13.46233235045348,296,13.425227802551328
2004-10-23,640549.0,13.370080900124982,297,13.425664486565044
2004-10-24,631838.0,13.356388311157149,298,13.426897095066105
2004-10-25,704067.0,13.464628801066304,299,13.427943519415246
2004-10-26,704551.0,13.465315999467926,300,13.429876410202299
2004-10-27,705943.0,13.4672897766721,301,13.433118613211088
2004-10-28,703609.0,13.463978083122457,302,13.43679327386209
2004-10-29,701980.0,13.461660192573609,303,13.438451981145821
2004-10-30,634221.0,13.360152753120955,304,13.44107464054562
2004-10-31,582852.0,13.275688573756693,305,13.445367700237908
2004-11-01,683875.0,13.435530431366127,306,13.449721197249104
2004-11-02,695313.0,13.452117382877661,307,13.452324514345392
2004-11-03,691951.0,13.44727042284416,308,13.453683077642877
2004-11-04,731885.0,13.503378676776213,309,13.45470253993228
2004-11-05,710706.0,13.474014121160101,310,13.454954233812927
2004-11-06,650508.0,13.385508875091203,311,13.455161575843972
2004-11-07,617909.0,13.334096476406662,312,13.45606565642744
2004-11-08,710483.0,13.473700299420937,313,13.456211136240299
2004-11-09,758951.0,13.539692495663992,314,13.45708308277965
2004-11-10,773128.0,13.55819990247706,315,13.458376819746476
2004-11-11,732893.0,13.504754994769954,316,13.459320609046872
2004-11-12,750237.0,13.528144435595008,317,13.45451542142869
2004-11-13,700809.0,13.459990660987609,318,13.453691664733743
2004-11-14,695130.0,13.451854157414903,319,13.455470296612116
2004-11-15,754912.0,13.534356465146558,320,13.45871594771231
2004-11-16,740328.0,13.514848610220326,321,13.461408178261236
2004-11-17,736140.0,13.509175597013284,322,13.464382784850216
2004-11-18,718247.0,13.484568800014157,323,13.467381840441506
2004-11-19,706542.0,13.468137927322772,324,13.469413253539496
2004-11-20,656971.0,13.395395156462106,325,13.47284127388335
2004-11-21,634417.0,13.360461745917261,326,13.47712174238997
2004-11-22,721468.0,13.48904330416813,327,13.480897851380467
2004-11-23,730541.0,13.501540634539026,328,13.48461389206795
2004-11-24,724847.0,13.493715877083144,329,13.485666432521006
2004-11-25,615034.0,13.329432829813365,330,13.484008835132002
2004-11-26,685974.0,13.43859500511513,331,13.486011556350956
2004-11-27,666606.0,13.409954445715359,332,13.486426481024568
2004-11-28,638302.0,13.36656680456213,333,13.486081492435915
2004-11-29,737420.0,13.51091288673605,334,13.486733904172613
2004-11-30,755705.0,13.535406367369085,335,13.48825795876166
2004-12-01,752566.0,13.531243979400273,336,13.492555159726125
2004-12-02,774721.0,13.560258243519927,337,13.498602909557217
2004-12-03,782304.0,13.569998690788056,338,13.504942123659538
2004-12-04,733338.0,13.50536199327655,339,13.509852772033721
2004-12-05,686820.0,13.439827528140578,340,13.515818056812824
2004-12-06,788391.0,13.57774943867043,341,13.522927082798905
2004-12-07,781651.0,13.569163628349628,342,13.534123422409527
2004-12-08,738065.0,13.511787175584915,343,13.542610893739662
2004-12-09,775165.0,13.560831188900615,344,13.547459817865331
2004-12-10,759004.0,13.539762326456106,345,13.555208328538415
2004-12-11,694072.0,13.45033098050535,346,13.559172434687662
2004-12-12,707945.0,13.470121686042509,347,13.564053352499112
2004-12-13,787824.0,13.577029993639826,348,13.572212430255481
2004-12-14,834986.0,13.635170237225369,349,13.57855850195128
2004-12-15,871972.0,13.678512592283834,350,13.584932709290454
2004-12-16,857749.0,13.662066794879154,351,13.587987142645517
2004-12-17,810686.0,13.60563608179992,352,13.587991844489606
2004-12-18,776400.0,13.562423130276992,353,13.584231576111353
2004-12-19,774145.0,13.559514473527491,354,13.579088247112756
2004-12-20,987114.0,13.802540813265589,355,13.579152512619197
2004-12-21,926519.0,13.739189831782763,356,13.576820226862122
2004-12-22,830253.0,13.629485752601932,357,13.574660812667876
2004-12-23,764052.0,13.546391128659714,358,13.57675458376462
2004-12-24,766500.0,13.549589977294007,359,13.57807035935532
2004-12-25,764227.0,13.546620144435975,360,13.57922292586859
2004-12-26,802126.0,13.595020981740523,361,13.581577118014811
2004-12-27,880815.0,13.68860289421835,362,13.582487845229107
2004-12-28,903367.0,13.713884172865981,363,13.582519654700643
2004-12-29,819761.0,13.616768113342086,364,13.581330553663438
2004-12-30,774823.0,13.560389895154405,365,13.57781973446103
2004-12-31,704125.0,13.464711176197016,366,13.573281163340734
2005-01-01,634980.0,13.361348781315826,1,13.570869663051166
2005-01-02,688057.0,13.441626962320914,2,13.571002997420916
2005-01-03,738551.0,13.512445437472298,3,13.571229074341614
2005-01-04,735790.0,13.508700030910823,4,13.567575753997422
2005-01-05,782628.0,13.570412766293739,5,13.56949776801747
2005-01-06,804256.0,13.597672905440247,6,13.57553009286824
2005-01-07,783898.0,13.572034188827724,7,13.581478525330983
2005-01-08,741365.0,13.516248360599544,8,13.588397393575557
2005-01-09,726230.0,13.495622048042726,9,13.595951405307828
2005-01-10,788526.0,13.577920658842867,10,13.59986734387131
2005-01-11,807643.0,13.601875408183686,11,13.603633235989776
2005-01-12,790333.0,13.580209654616375,12,13.603633275524391
2005-01-13,755388.0,13.534986803510805,13,13.605331645950727
2005-01-14,757754.0,13.538114073691997,14,13.612673020976683
2005-01-15,779304.0,13.566156492629977,15,13.624195569617372
2005-01-16,779061.0,13.565844627307065,16,13.635813042082315
2005-01-17,891132.0,13.700247843628242,17,13.641363679095894
2005-01-18,977747.0,13.793006224344069,18,13.647189970673422
2005-01-19,983026.0,13.798390848423464,19,13.653546848534104
2005-01-20,902521.0,13.712947237616522,20,13.657419186801729
2005-01-21,930352.0,13.743318288142074,21,13.660019033065003
2005-01-22,944237.0,13.758132472939554,22,13.66157905535525
2005-01-23,895079.0,13.704667261518013,23,13.661131816249084
2005-01-24,978766.0,13.794047873535398,24,13.660142960855087
2005-01-25,903368.0,13.713885279835184,25,13.659543079714632
2005-01-26,859686.0,13.664322485279444,26,13.657971320046945
2005-01-27,951646.0,13.76594839588112,27,13.656444804405947
2005-01-28,972225.0,13.787342538136354,28,13.658175808267828
2005-01-29,879086.0,13.686638010334232,29,13.661725621962486
2005-01-30,803751.0,13.597044798701155,30,13.660970227459261
2005-01-31,869420.0,13.675581601643064,31,13.658307426798661
2005-02-01,879134.0,13.68669261100993,32,13.65507606443972
2005-02-02,872256.0,13.678838237787184,33,13.645757298037308
2005-02-03,864986.0,13.67046860081194,34,13.636731964205469
2005-02-04,818898.0,13.61571481295465,35,13.633110654641186
2005-02-05,732139.0,13.503725665626872,36,13.630636811311232
2005-02-06,706398.0,13.4679340970108,37,13.625541001119501
2005-02-07,775392.0,13.561123986910133,38,13.61964443326996
2005-02-08,772870.0,13.557866137488496,39,13.612307320038925
2005-02-09,757264.0,13.537467216668402,40,13.607532422347116
2005-02-10,792902.0,13.583454911643486,41,13.604647582668164
2005-02-11,836941.0,13.637508857142404,42,13.601203923703478
2005-02-12,762994.0,13.545005446539738,43,13.596306042281501
2005-02-13,723088.0,13.491286208810294,44,13.592112219160025
2005-02-14,814044.0,13.609769697577864,45,13.589824067235691
2005-02-15,753196.0,13.532080765076577,46,13.589090484719078
2005-02-16,763510.0,13.545681501132,47,13.58712781821526
2005-02-17,815495.0,13.611550569816561,48,13.586375910743907
2005-02-18,868090.0,13.674050674903345,49,13.586713579975305
2005-02-19,818681.0,13.615449787571118,50,13.587770947678097
2005-02-20,758853.0,13.539563361730842,51,13.588953122045725
2005-02-21,796999.0,13.58860870306642,52,13.589671412440198
2005-02-22,790316.0,13.58018814446453,53,13.588143975785815
2005-02-23,792975.0,13.583546974268836,54,13.589804066902412
2005-02-24,864171.0,13.669525944869939,55,13.59594280724049
2005-02-25,847632.0,13.650201858321015,56,13.599015202221958
2005-02-26,781688.0,13.569210962932859,57,13.597713470171113
2005-02-27,753871.0,13.532976544819794,58,13.596081036904568
2005-02-28,851744.0,13.655041291177884,59,13.595348611629545
2005-03-01,832125.0,13.631737948903005,60,13.594228534033217
2005-03-02,854084.0,13.657784828589353,61,13.596475775565168
2005-03-03,873203.0,13.679923339291053,62,13.59780315392553
2005-03-04,843505.0,13.645321108632867,63,13.596583420304478
2005-03-05,756779.0,13.536826547920436,64,13.591920417215352
2005-03-06,720749.0,13.488046228056051,65,13.585763239025955
2005-03-07,742929.0,13.518355760587454,66,13.581809892445547
2005-03-08,809643.0,13.604348688753133,67,13.579939239604046
2005-03-09,899282.0,13.709351946134628,68,13.578122640431001
2005-03-10,864133.0,13.669481971124574,69,13.577932161621403
2005-03-11,806985.0,13.601060359718744,70,13.574262844348208
2005-03-12,728904.0,13.49929731507647,71,13.568731660462126
2005-03-13,708410.0,13.470778301109645,72,13.56400583839003
2005-03-14,788910.0,13.578407524880648,73,13.558646670895147
2005-03-15,802112.0,13.595003527971194,74,13.554457452359012
2005-03-16,792421.0,13.582848095222152,75,13.549903775683608
2005-03-17,788114.0,13.577398028427075,76,13.543649949333878
2005-03-18,761836.0,13.543486588407855,77,13.537085017546316
2005-03-19,689036.0,13.443048798267986,78,13.530533787563192
2005-03-20,679335.0,13.42886965747936,79,13.526361825929175
2005-03-21,756328.0,13.53623042350444,80,13.522701314836029
2005-03-22,751122.0,13.529323367619266,81,13.522028984627743
2005-03-23,788757.0,13.57821356760008,82,13.517267233515813
2005-03-24,779794.0,13.566785061220449,83,13.508168829806229
2005-03-25,726017.0,13.495328709510744,84,13.500328884978785
2005-03-26,684804.0,13.436887944914105,85,13.494108120982544
2005-03-27,648826.0,13.382919854963138,86,13.488083317304975
2005-03-28,757473.0,13.537743172166058,87,13.482150458950205
2005-03-29,732512.0,13.50423500199173,88,13.476519972672284
2005-03-30,716890.0,13.482677690796821,89,13.471395881870091
2005-03-31,726581.0,13.496105249239344,90,13.466817163621588
2005-04-01,702139.0,13.461886669105413,91,13.46241669174241
2005-04-02,673344.0,13.42001162216796,92,13.458757819834807
2005-04-03,650536.0,13.385551917447964,93,13.45564765067591
2005-04-04,729074.0,13.499530514755438,94,13.45165614341582
2005-04-05,708581.0,13.47101965761908,95,13.447879193335526
2005-04-06,697039.0,13.454596642266242,96,13.445242339389562
2005-04-07,693817.0,13.44996351595614,97,13.44251335663395
2005-04-08,677984.0,13.426878967824017,98,13.438378869905561
2005-04-09,615754.0,13.3306028121046,99,13.436082530298576
2005-04-10,599984.0,13.304658267176055,100,13.433041655165368
2005-04-11,673844.0,13.420753909098897,101,13.430872234221056
2005-04-12,694904.0,13.45152898550977,102,13.428394621529714
2005-04-13,697072.0,13.454643984264127,103,13.426571010832001
2005-04-14,696752.0,13.454184815810114,104,13.424962667581664
2005-04-15,687652.0,13.441038174994961,105,13.422585781723907
2005-04-16,631570.0,13.355964061818819,106,13.42133197713263
2005-04-17,607500.0,13.31710745419684,107,13.419055363378408
2005-04-18,680427.0,13.430475821256195,108,13.415588061773436
2005-04-19,697663.0,13.455491457132265,109,13.413393202023512
2005-04-20,730732.0,13.50180205044295,110,13.412766729707743
2005-04-21,694550.0,13.451019432825536,111,13.41250977556965
2005-04-22,680805.0,13.431031200515156,112,13.412550777663151
2005-04-23,628910.0,13.351743441184317,113,13.413160962790318
2005-04-24,610587.0,13.322176068522367,114,13.413451522155267
2005-04-25,706706.0,13.468370016808462,115,13.412427366744312
2005-04-26,696048.0,13.453173902455786,116,13.41291125734086
2005-04-27,685322.0,13.437644079787365,117,13.412782694001091
2005-04-28,679799.0,13.429552445222182,118,13.413722169358467
2005-04-29,677917.0,13.426780140549674,119,13.414380222574083
2005-04-30,631761.0,13.356266437049785,120,13.413461752380956
2005-05-01,590348.0,13.288467472508733,121,13.413333269731869
2005-05-02,685617.0,13.438074441757596,122,13.414036817512226
2005-05-03,696260.0,13.45347843277758,123,13.41456941182908
2005-05-04,692042.0,13.44740192639964,124,13.413908077547275
2005-05-05,694614.0,13.451111574574163,125,13.41181653649173
2005-05-06,689667.0,13.443964151384732,126,13.411612172446175
2005-05-07,620784.0,13.338738474323135,127,13.411788157444976
2005-05-08,583023.0,13.275981915669378,128,13.410924682799251
2005-05-09,683036.0,13.434302845802236,129,13.409674251846853
2005-05-10,692407.0,13.44792921199623,130,13.408178940763957
2005-05-11,715652.0,13.480949294270653,131,13.407810642913969
2005-05-12,709709.0,13.472610305847349,132,13.408492097794072
2005-05-13,670193.0,13.415321009587412,133,13.409410760351522
2005-05-14,629302.0,13.35236654764441,134,13.410716561946629
2005-05-15,619586.0,13.33680679204685,135,13.410092116579362
2005-05-16,690650.0,13.445388462128106,136,13.40972238758461
2005-05-17,684863.0,13.436974097241695,137,13.404987631363776
2005-05-18,689167.0,13.443238900887694,138,13.405657624950205
2005-05-19,690587.0,13.44529723955002,139,13.407122038718287
2005-05-20,684168.0,13.435958780481586,140,13.407735935292111
2005-05-21,613887.0,13.32756615110406,141,13.408171369657584
2005-05-22,589579.0,13.287164001855244,142,13.410046377949717
2005-05-23,677728.0,13.426501306487328,143,13.417621788107684
2005-05-24,688907.0,13.442861562656097,144,13.427957402442187
2005-05-25,698524.0,13.45672481643033,145,13.43786233840655
2005-05-26,697512.0,13.45527499683074,146,13.449498016507434
2005-05-27,703162.0,13.463342585212644,147,13.461846379928856
2005-05-28,620811.0,13.33878196676633,148,13.475228245539691
2005-05-29,584268.0,13.278115060655665,149,13.48868423498102
2005-05-30,600490.0,13.305501267574174,150,13.501920050412261
2005-05-31,709445.0,13.472238253197608,151,13.516468555717456
2005-06-01,721008.0,13.488405511905945,152,13.5333160180477
2005-06-02,706657.0,13.46830067864124,153,13.547363355980115
2005-06-03,698127.0,13.45615631361797,154,13.556301742996244
2005-06-04,654246.0,13.391238706502858,155,13.560613640136086
2005-06-05,720783.0,13.488093400092476,156,13.564864267679738
2005-06-06,912278.0,13.723700047168304,157,13.568207911820368
2005-06-07,913709.0,13.725267418998396,158,13.571411525810017
2005-06-08,991276.0,13.806748281095404,159,13.576608669120828
2005-06-09,1002858.0,13.81836448164717,160,13.58314307693828
2005-06-10,974825.0,13.790013246690746,161,13.588560662775496
2005-06-11,917249.0,13.729134252001616,162,13.59634645181723
2005-06-12,897537.0,13.70740962412156,163,13.6090622901591
2005-06-13,1037938.0,13.852746610673567,164,13.62486515585597
2005-06-14,1097673.0,13.908703042488504,165,13.641099819195038
2005-06-15,1021277.0,13.836564362995361,166,13.653814879370785
2005-06-16,886975.0,13.695572076001618,167,13.66501785712352
2005-06-17,771963.0,13.556691900397215,168,13.67656755210619
2005-06-18,691476.0,13.446583722326292,169,13.688388798266065
2005-06-19,647443.0,13.380786037792854,170,13.697236609316914
2005-06-20,741331.0,13.516202498197533,171,13.698131993404056
2005-06-21,796818.0,13.588381575358813,172,13.692221782087028
2005-06-22,838767.0,13.639688235318964,173,13.692378606719032
2005-06-23,811766.0,13.606967400272845,174,13.690854679056846
2005-06-24,874445.0,13.68134467838118,175,13.686026443282142
2005-06-25,886313.0,13.694825440338652,176,13.678495886111884
2005-06-26,909450.0,13.720595300167986,177,13.672220825416137
2005-06-27,946070.0,13.760071841068134,178,13.66893340446039
2005-06-28,1012831.0,13.828259938118476,179,13.66675109535719
2005-06-29,986668.0,13.802088888982572,180,13.664615958894169
2005-06-30,976463.0,13.791692138156023,181,13.662912875929104
2005-07-01,972039.0,13.787151206094443,182,13.66681998798893
2005-07-02,838171.0,13.638977415926602,183,13.676060689933445
2005-07-03,739082.0,13.51316415453243,184,13.686047395395406
2005-07-04,773139.0,13.558214130291532,185,13.69805952461862
2005-07-05,917730.0,13.729658508694492,186,13.711385759037928
2005-07-06,949868.0,13.764078306554223,187,13.723387535931796
2005-07-07,876046.0,13.683173879955378,188,13.732553968031208
2005-07-08,789502.0,13.579157645923518,189,13.741876885013543
2005-07-09,769451.0,13.553432552520759,190,13.749204296874893
2005-07-10,818609.0,13.615361837360652,191,13.75117351430755
2005-07-11,976414.0,13.791641955784057,192,13.74805797453431
2005-07-12,1033973.0,13.848919221523897,193,13.750624829843561
2005-07-13,973719.0,13.78887803997355,194,13.754664230948716
2005-07-14,989516.0,13.804971213676746,195,13.76050317074677
2005-07-15,999921.0,13.81543155484361,196,13.759123812277506
2005-07-16,914572.0,13.726211475261186,197,13.75675902658253
2005-07-17,906300.0,13.717125656042873,198,13.758258580902945
2005-07-18,1076620.0,13.889337061938116,199,13.762617780161388
2005-07-19,1115074.0,13.924431328387122,200,13.770775728761723
2005-07-20,1084195.0,13.896348334102482,201,13.776082353931585
2005-07-21,1053901.0,13.868009075778206,202,13.78137808032219
2005-07-22,1073583.0,13.886512210498925,203,13.790298671167836
2005-07-23,936555.0,13.749963528453048,204,13.802471429880754
2005-07-24,833476.0,13.633360186517272,205,13.809333204082666
2005-07-25,1016569.0,13.831943789727122,206,13.811927581521202
2005-07-26,1134115.0,13.941363169062837,207,13.811448145429493
2005-07-27,1161914.0,13.965579203328073,208,13.806937959463047
2005-07-28,939469.0,13.753070101016654,209,13.807344815483564
2005-07-29,909761.0,13.720937206635163,210,13.810122377401475
2005-07-30,874113.0,13.68096493689821,211,13.813985876180313
2005-07-31,835029.0,13.635221733768823,212,13.820373440860863
2005-08-01,971539.0,13.786636691100929,213,13.826142859493315
2005-08-02,1064743.0,13.87824401345063,214,13.824200582873877
2005-08-03,1101693.0,13.912358645491143,215,13.816659409609372
2005-08-04,1124614.0,13.93295042363346,216,13.811022583259492
2005-08-05,1110138.0,13.919994889885213,217,13.806260444771686
2005-08-06,932442.0,13.745562230174286,218,13.79913808377915
2005-08-07,880288.0,13.688004405639624,219,13.796727903092904
2005-08-08,963394.0,13.77821774521616,220,13.801964205010893
2005-08-09,911306.0,13.722634014463422,221,13.79960895294974
2005-08-10,984875.0,13.800270008547988,222,13.790292056096364
2005-08-11,1069544.0,13.882742947378304,223,13.779222794672064
2005-08-12,1114158.0,13.923609520651047,224,13.774887228725778
2005-08-13,1093685.0,13.905063286316585,225,13.771726854408525
2005-08-14,1065196.0,13.878669377751514,226,13.767210398489429
2005-08-15,1019633.0,13.834953316593923,227,13.766188069961988
2005-08-16,902820.0,13.713278476980978,228,13.765793814037423
2005-08-17,925896.0,13.738517196305843,229,13.763417073881083
2005-08-18,922340.0,13.734669198119645,230,13.7614733989236
2005-08-19,879480.0,13.687086102707896,231,13.754578077702357
2005-08-20,875437.0,13.682478469238239,232,13.747578898856819
2005-08-21,965090.0,13.779976640220989,233,13.74096449491697
2005-08-22,951692.0,13.765996732014807,234,13.733494534099654
2005-08-23,873698.0,13.680490057168308,235,13.723651662431449
2005-08-24,852254.0,13.655639883447627,236,13.719665384630892
2005-08-25,832072.0,13.631674254520647,237,13.712848418423764
2005-08-26,832715.0,13.632446725752072,238,13.70409748228503
2005-08-27,770276.0,13.55450417116348,239,13.693277047898766
2005-08-28,811465.0,13.606596535000497,240,13.679637798091708
2005-08-29,960873.0,13.775597525213076,241,13.665229115481972
2005-08-30,996192.0,13.811695289073114,242,13.658880671731728
2005-08-31,1043338.0,13.857935746681674,243,13.659307558332928
2005-09-01,927160.0,13.739881429438613,244,13.65910238061996
2005-09-02,912568.0,13.72401788221021,245,13.661612769868155
2005-09-03,774799.0,13.560358919858492,246,13.665808006905948
2005-09-04,714148.0,13.478845502754751,247,13.666481000980776
2005-09-05,731328.0,13.502617338506386,248,13.659184594341719
2005-09-06,815061.0,13.611018236047897,249,13.656227165314357
2005-09-07,813739.0,13.60939495474842,250,13.65723530277898
2005-09-08,837115.0,13.637716735493697,251,13.657267513718992
2005-09-09,822939.0,13.620637357835703,252,13.657772976115108
2005-09-10,746510.0,13.523164291718945,253,13.660690469128921
2005-09-11,711568.0,13.475226264678923,254,13.657845912661642
2005-09-12,853582.0,13.65719689158708,255,13.65114177937294
2005-09-13,913676.0,13.725231301814546,256,13.645269468249497
2005-09-14,920592.0,13.732772220342728,257,13.636802010349426
2005-09-15,989505.0,13.80496009706909,258,13.624449576516698
2005-09-16,989102.0,13.804552739766127,259,13.616577198953754
2005-09-17,892090.0,13.701322303333386,260,13.606661966076532
2005-09-18,786759.0,13.575677254327381,261,13.599354288622479
2005-09-19,876059.0,13.683188719248685,262,13.59496866267243
2005-09-20,898712.0,13.708717906177771,263,13.595150353677425
2005-09-21,853023.0,13.656541789767981,264,13.592688876420917
2005-09-22,843932.0,13.645827201611882,265,13.591022993313041
2005-09-23,903595.0,13.714136530138807,266,13.589014013416152
2005-09-24,711305.0,13.474856590079721,267,13.588882665430598
2005-09-25,672583.0,13.41888080291685,268,13.58880771462396
2005-09-26,815187.0,13.611172813756628,269,13.584075829681145
2005-09-27,785917.0,13.57460646787111,270,13.576961536795867
2005-09-28,738272.0,13.512067599365334,271,13.568286201888668
2005-09-29,743746.0,13.519454857676253,272,13.559094907181347
2005-09-30,691343.0,13.446391361647981,273,13.54754170234082
2005-10-01,631431.0,13.355743951145017,274,13.535795397650658
2005-10-02,631623.0,13.356047976153416,275,13.5241837981542
2005-10-03,735058.0,13.507704686646246,276,13.515102389994409
2005-10-04,760778.0,13.542096872865667,277,13.506643636711546
2005-10-05,776654.0,13.562750227727905,278,13.49787896259434
2005-10-06,791326.0,13.581465298380886,279,13.49102203580208
2005-10-07,819918.0,13.616959614240102,280,13.484100900103376
2005-10-08,744945.0,13.521065669133105,281,13.474975407392183
2005-10-09,623269.0,13.34273348628014,282,13.471897829849317
2005-10-10,699413.0,13.457996690799265,283,13.468911178039935
2005-10-11,716635.0,13.482321924412991,284,13.464333373483829
2005-10-12,711703.0,13.475415968537718,285,13.462292485390089
2005-10-13,716025.0,13.481470361534344,286,13.462484935852785
2005-10-14,711874.0,13.475656208441595,287,13.462573038852364
2005-10-15,644479.0,13.376197517432546,288,13.464769747729108
2005-10-16,610112.0,13.32139782585325,289,13.467568938292274
2005-10-17,691310.0,13.446343627328515,290,13.46711822375747
2005-10-18,703137.0,13.463307030895955,291,13.466131769750719
2005-10-19,704010.0,13.46454783958475,292,13.463875392653463
2005-10-20,695256.0,13.452035402048185,293,13.460674472696699
2005-10-21,699851.0,13.458622734225388,294,13.457477638979858
2005-10-22,652577.0,13.388684418879464,295,13.451855191557508
2005-10-23,618625.0,13.335254552254186,296,13.44601300731134
2005-10-24,717117.0,13.482994286185681,297,13.445479286169663
2005-10-25,742265.0,13.51746160124633,298,13.44498226659355
2005-10-26,742261.0,13.517456212320843,299,13.44463456758169
2005-10-27,745583.0,13.5219217416644,300,13.444840469551306
2005-10-28,735201.0,13.507899210196792,301,13.444693624910366
2005-10-29,682912.0,13.434121286913697,302,13.445598557278732
2005-10-30,623702.0,13.343427969178945,303,13.447262447286747
2005-10-31,715033.0,13.480083974457242,304,13.448762984093989
2005-11-01,714200.0,13.478918314142485,305,13.44907433160422
2005-11-02,710074.0,13.473124468938526,306,13.449922278558683
2005-11-03,723571.0,13.491953954309333,307,13.45076760104851
2005-11-04,700487.0,13.45953108641426,308,13.453671287053496
2005-11-05,632531.0,13.357484510240479,309,13.45825749565648
2005-11-06,614024.0,13.327789294313249,310,13.462468647747352
2005-11-07,689747.0,13.444080142668117,311,13.466049093559844
2005-11-08,709692.0,13.472586352080935,312,13.468133930520326
2005-11-09,715818.0,13.481181223686908,313,13.469975405142932
2005-11-10,713087.0,13.477358711587986,314,13.47344458203891
2005-11-11,730142.0,13.50099431475585,315,13.471715500345804
2005-11-12,675215.0,13.422786437656931,316,13.47414880751231
2005-11-13,636292.0,13.363412856456007,317,13.477763343391404
2005-11-14,697363.0,13.455061357614944,318,13.481788486008272
2005-11-15,720031.0,13.48704954562093,319,13.482206589097416
2005-11-16,720872.0,13.4882168692999,320,13.482666569743339
2005-11-17,754144.0,13.533338610187823,321,13.483638141180633
2005-11-18,795747.0,13.587036575108957,322,13.486564514139147
2005-11-19,734244.0,13.506596677423802,323,13.491873801838528
2005-11-20,683859.0,13.435507035003967,324,13.500027270062617
2005-11-21,760225.0,13.54136972107916,325,13.507954826316071
2005-11-22,781541.0,13.569022890679294,326,13.515526033081775
2005-11-23,817980.0,13.61459316540823,327,13.522425975530464
2005-11-24,710346.0,13.47350745425741,328,13.530243129911408
2005-11-25,787038.0,13.576031810859034,329,13.538497333796121
2005-11-26,755646.0,13.535328291528291,330,13.54491006244847
2005-11-27,698110.0,13.456131962451227,331,13.551741654369877
2005-11-28,723453.0,13.491790860953229,332,13.559590118142731
2005-11-29,723458.0,13.491797772228352,333,13.567026113258205
2005-11-30,729656.0,13.500328469182756,334,13.575960088335412
2005-12-01,785356.0,13.57389239714777,335,13.586750948037677
2005-12-02,812760.0,13.608191141996949,336,13.595208092134973
2005-12-03,794749.0,13.585781620514943,337,13.59701579395776
2005-12-04,766631.0,13.549760869409969,338,13.600095623284448
2005-12-05,852624.0,13.656073932107777,339,13.605244363533075
2005-12-06,860944.0,13.665784740644227,340,13.610433816748673
2005-12-07,890966.0,13.700061546353366,341,13.616301476831712
2005-12-08,898495.0,13.708476420359995,342,13.62008023730073
2005-12-09,873751.0,13.680550717021633,343,13.627760635936642
2005-12-10,817553.0,13.614071011456335,344,13.628564337072763
2005-12-11,792676.0,13.58316984209594,345,13.626655500855671
2005-12-12,858781.0,13.663269220848221,346,13.6272481393212
2005-12-13,924678.0,13.737200847782761,347,13.627160604202802
2005-12-14,975164.0,13.790360940963293,348,13.63040180846996
2005-12-15,955642.0,13.770138644912073,349,13.633661969300494
2005-12-16,837061.0,13.637652226146987,350,13.633074350343389
2005-12-17,800372.0,13.592831898571067,351,13.630901126508325
2005-12-18,789908.0,13.57967176196551,352,13.629037584729685
